0,20000
1,35
2,10
3,7/15
4,6
5,1560
6,600
7,4200
8,8.8
9,9
10,41
11,15
12,90
13,56
14,45
15,8172
16,16
17,18.7
18,322.5
19,11
20,30
21,9
22,100
23,48
24,390
25,53
26,24
27,36
28,3.768
29,1950
30,3.6
31,75
32,18
33,720
34,30
35,29/20
36,304
37,5
38,7/10
39,58
40,400
41,24
42,83
43,500
44,32
45,16
46,95
47,288
48,240
49,280
50,706
51,9
52,8400
53,280
54,784
55,120
56,172
57,4500
58,1056
59,4
60,13
61,1201
62,3000
63,1942
64,2904
65,588
66,14998.8
67,280
68,3360
69,750
70,7
71,75.68
72,6480
73,5/8
74,200
75,3.8
76,250
77,7/10
78,24
79,294
80,3.5
81,280
82,8
83,696
84,245
85,20%
86,14
87,360
88,450
89,384
90,24.84
91,20
92,20
93,4000
94,1526
95,418.5
96,8
97,160
98,5
99,260
100,2496
101,400
102,3327.6
103,10
104,40/9
105,60
106,2/3
107,2250
108,10.9
109,3_3/7
110,4/5
111,1200
112,332
113,157
114,14
115,710
116,9230
117,623
118,192
119,124
120,1.54
121,13
122,25
123,69
124,4000
125,90%
126,420
127,1.5
128,106
129,775
130,7/9
131,5073
132,10
133,98
134,11200
135,9
136,695
137,500
138,40
139,93
140,190
141,290
142,144
143,17
144,8347.52
145,356
146,15
147,25200
148,5280
149,9
150,2/9
151,384
152,10/3
153,410
154,8000
155,3/10
156,2.5
157,600
158,48
159,2300
160,30
161,50
162,5
163,2.89
164,28
165,1350
166,286
167,300
168,9
169,180
170,4
171,9
172,196
173,72
174,4/35
175,14
176,52
177,8
178,8
179,14
180,40
181,87.92
182,12
183,27
184,9/10
185,650
186,4800
187,10
188,72
189,7
190,275
191,904.32
192,10245
193,880
194,2800
195,1234
196,696
197,282.6
198,450
199,296
200,450
201,228
202,90
203,7/20
204,400
205,40
206,4/3
207,6
208,38
209,8430
210,6.25
211,79.7
212,2079
213,31090%
214,6
215,60250
216,40
217,5.75
218,63648
219,2
220,5
221,333
222,20
223,4
224,188
225,1856
226,42
227,9
228,60%
229,4.8
230,174
231,393
232,2800
233,207
234,684
235,5025
236,571
237,4875
238,1/18
239,205
240,1000
241,280
242,5/8
243,5375
244,1080
245,3/5
246,308
247,5/6
248,230
249,9
250,24.8
251,4
252,3172.5
253,1260
254,1290
255,6000
256,1536
257,6
258,490
259,5
260,2400
261,480
262,40
263,72
264,48/5
265,10
266,1/24
267,496
268,24
269,94
270,25000
271,11300
272,75
273,12
274,520
275,2495
276,278
277,2.4
278,32
279,2600
280,50.24
281,8
282,6.0
283,736
284,50
285,18
286,240
287,678
288,48
289,2775
290,948
291,5
292,2
293,554
294,16
295,23
296,7200
297,3
298,4
299,148
300,228
301,29/20
302,5
303,8
304,81
305,384.45
306,9
307,20
308,30
309,20
310,87.92
311,540
312,32
313,2/7
314,36
315,120
316,4
317,324
318,900
319,1/3
320,9
321,432
322,3/8
323,13/20
324,3/10
325,4
326,3600
327,77.5
328,710
329,12
330,10327.5
331,434000
332,16000
333,300
334,4/7
335,928
336,15
337,546
338,6.25
339,1000
340,90
341,90
342,21
343,50
344,125
345,45
346,48
347,4
348,425
349,24
350,320
351,600
352,435
353,1558
354,144
355,200
356,148.5
357,58
358,25000
359,40
360,4528.8
361,6280
362,45
363,9
364,40/9
365,540
366,9/35
367,24
368,1/8
369,299
370,150
371,282
372,10
373,7
374,36
375,1350
376,401
377,904
378,4289
379,12/5
380,70
381,44
382,2/5
383,6240
384,54875
385,92
386,45
387,87.94
388,50
389,20
390,12
391,1264
392,720
393,700
394,388.4
395,105
396,450
397,9
398,6592
399,12
400,84
401,136
402,860
403,3.5
404,705
405,32
406,14
407,4/15
408,8
409,3.14
410,12
411,5
412,1/8
413,800
414,10
415,75.6
416,45
417,8
418,990
419,60
420,2/3
421,12.5
422,303
423,2.3
424,0.96
425,17.64
426,210
427,1920
428,91
429,1400
430,580
431,1800
432,384
433,132
434,12960
435,31
436,408
437,44
438,2.65
439,7800
440,3/8
441,47
442,410
443,87.5
444,74
445,990
446,3/5
447,0.54
448,20
449,1920
450,556
451,68
452,4%
453,10
454,30
455,133
456,1080
457,600
458,76
459,390
460,24
461,2400
462,32
463,736
464,60/7
465,1740
466,270
467,364
468,21
469,30
470,12
471,15
472,700
473,125.6
474,9
475,8.75
476,506
477,3.5
478,1152
479,243
480,24
481,533
482,7/18
483,3.84
484,105
485,280
486,96
487,216
488,15
489,1164
490,4
491,96
492,240
493,4.88
494,560
495,2138.74
496,57600
497,1440
498,90
499,1344
500,272
501,600
502,900
503,7.5
504,925
505,742
506,150
507,700
508,942
509,39
510,26400
511,15
512,7/20
513,5
514,124
515,59
516,786
517,0.25
518,1/2
519,400
520,45
521,8
522,355
523,900
524,3/8
525,200
526,220
527,98
528,30
529,31.4
530,120
531,2.5
532,150
533,48.6
534,30
535,45000
536,14.4
537,7
538,7
539,80
540,240
541,10000
542,216
543,3600
544,42
545,48
546,0.25
547,70
548,5
549,96
550,1330
551,346.5
552,204
553,9
554,1200
555,800
556,11
557,3
558,78.5
559,125.6
560,1.45
561,6
562,4
563,125
564,71
565,60
566,2800
567,288
568,3240
569,2580
570,28.4
571,17.8
572,11200
573,18
574,7500
575,48.99
576,4
577,2.0
578,125
579,800
580,1400
581,9
582,438.9
583,320
584,8
585,12
586,51
587,33
588,50
589,360
590,72
591,16
592,320
593,0.4
594,9
595,87.92
596,0.9
597,295
598,240
599,45000
600,2304
601,1.8
602,4.25
603,80
604,70
605,2/5
606,800
607,7.5
608,5
609,62
610,90000
611,9
612,156
613,120
614,10.2
615,189600
616,147.2
617,20
618,3.768
619,120
620,90.4
621,100
622,800
623,114
624,98
625,20/3
626,800
627,180
628,427
629,36
630,12.5
631,314/500
632,3_2/3
633,2000
634,4800
635,9.5%
636,90%
637,75%
638,94%
639,60/5
640,30
641,40
642,45
643,32
644,270
645,9
646,2
647,24
648,2150
649,80
650,280
651,30
652,15.75
653,25
654,95%
655,49
656,40
657,95%
658,1.5
659,95%
660,60
661,520
662,962.5
663,87.5%
664,60
665,1093.75
666,5000
667,100
668,2
669,942
670,40
671,435
672,30
673,35
674,5
675,96%
676,20
677,7
678,95%
679,96%
680,8
681,4600
682,480
683,450
684,10
685,28
686,4800
687,60
688,360
689,35
690,320
691,1500
692,81
693,8
694,20
695,794
696,64
697,20
698,19/40
699,59
700,48
701,72
702,4
703,30
704,9
705,8
706,94%
707,5/8
708,25
709,84
710,1600
711,38
712,2.4
713,300000
714,10%
715,10000
716,24000
717,1920
718,48
719,90
720,15000
721,376.8
722,120
723,40
724,24
725,425
726,420
727,117
728,300
729,300
730,240
731,30
732,32
733,90
734,34
735,1350
736,15
737,20
738,84.7
739,160
740,95%
741,4.5
742,3/8
743,5.2
744,500
745,2800
746,80
747,170.6
748,48
749,372
750,7
751,84
752,40
753,10
754,40
755,250
756,8
757,96
758,30
759,4000
760,800
761,45
762,349.24
763,204.96
764,84
765,2400
766,22560
767,4.36
768,2000
769,40
770,829
771,42
772,172.5
773,20.375
774,2400
775,14
776,75360
777,180
778,420
779,8
780,7
781,3520
782,36800
783,20
784,1428
785,1724
786,40.86
787,4
788,425
789,240
790,98%
791,81
792,360
793,60
794,146.07
795,2800
796,9
797,96
798,4
799,288
800,73.5
801,55
802,150
803,48
804,40
805,37.6
806,400
807,52
808,5
809,32
810,2.5
811,9
812,200
813,87.94
814,20
815,3840
816,2000
817,12
818,9
819,90
820,94
821,1800
822,96
823,300
824,125.6
825,105000
826,138000
827,80
828,2.4
829,204
830,38
831,260
832,2.5
833,27.5
834,130
835,240
836,50
837,512
838,20
839,5
840,80
841,3/2
842,12
843,4320
844,546
845,148
846,8
847,42
848,4800
849,5.5
850,360
851,5000
852,39
853,12
854,30
855,0.88888888888889
856,40
857,1008
858,9
859,30
860,38
861,180
862,48
863,2/7
864,2.4
865,11
866,3000
867,25
868,35.8
869,5
870,13.2
871,37.68
872,9
873,60
874,38
875,17
876,9000
877,12.5%
878,87.92
879,25%
880,56
881,400
882,37.5
883,8
884,27
885,40
886,840
887,87.92
888,12
889,37
890,4.5
891,270
892,23.8
893,57.8
894,40
895,9
896,270
897,9
898,4800
899,24000
900,3600
901,20700
902,4
903,225
904,20
905,750
906,300
907,90
908,26
909,3.14
910,40/9
911,6.90
912,300
913,53
914,6.25
915,430
916,3140
917,62.8
918,94.2
919,4.2
920,200
921,3
922,9
923,94%
924,400
925,720
926,96%
927,270
928,24
929,8.4
930,40000
931,40000
932,120
933,37.68
934,6.8
935,350
936,45
937,270
938,7.66
939,27
940,52
941,7
942,204
943,24
944,9
945,5/12
946,176
947,5
948,270
949,48
950,0.6
951,12
952,48
953,205
954,54
955,12
956,16
957,300
958,12000
959,130000
960,6_2/3
961,8
962,640
963,32100
964,16
965,14
966,15
967,4.8
968,45
969,1/5
970,156.23
971,10
972,3686
973,942
974,41
975,12
976,70
977,8
978,384.5
979,840
980,154.30
981,4800
982,30
983,456
984,3.5%
985,74
986,704/25
987,12.5
988,6
989,150
990,4
991,980
992,592
993,800
994,0.2%
995,2040
996,1/9
997,96
998,72
999,2/5
1000,31.4
1001,200
1002,168
1003,45
1004,6
1005,100%
1006,100
1007,70
1008,943920
1009,1/4
1010,4.5
1011,163
1012,312.5
1013,20%
1014,8
1015,20
1016,15
1017,20
1018,70
1019,4/3
1020,8
1021,40%
1022,38.9%
1023,62.8
1024,45
1025,45800
1026,1300
1027,1/8
1028,30
1029,156
1030,21
1031,205.4
1032,28
1033,10
1034,200
1035,132
1036,0.324
1037,30
1038,400
1039,56
1040,4.5
1041,4200
1042,2.5
1043,9.8
1044,53.25
1045,27
1046,3/2
1047,81
1048,5290
1049,375
1050,300
1051,25
1052,240
1053,20
1054,3750
1055,1
1056,15
1057,147.14
1058,3/16
1059,51.2
1060,390
1061,9
1062,3.89
1063,5.5
1064,18
1065,20
1066,58
1067,9
1068,40
1069,45
1070,55
1071,15
1072,78
1073,284
1074,1/5
1075,4258
1076,15
1077,224
1078,2.5
1079,300
1080,240
1081,75
1082,35
1083,30
1084,130
1085,7.6
1086,1/20
1087,480
1088,4/9
1089,0.0144
1090,240
1091,45
1092,1750
1093,80
1094,4208
1095,18
1096,1440
1097,3/8
1098,27
1099,120
1100,1/7
1101,16
1102,410
1103,20
1104,240
1105,2/5
1106,96.3
1107,12
1108,20
1109,32
1110,27
1111,3/2
1112,3.27
1113,50%
1114,400
1115,680
1116,6
1117,50
1118,8
1119,8
1120,15
1121,30
1122,24
1123,12
1124,41
1125,4900
1126,84
1127,3.2
1128,10000
1129,0.0125
1130,0.928
1131,8
1132,6
1133,550
1134,128
1135,40
1136,32.16
1137,15
1138,480
1139,280
1140,9000
1141,27
1142,7
1143,150
1144,12
1145,6
1146,600
1147,7896
1148,80
1149,41.3
1150,2.875
1151,80
1152,1/2
1153,770
1154,6
1155,270
1156,9
1157,42
1158,954
1159,4
1160,21
1161,4
1162,240
1163,45
1164,13150
1165,9
1166,10
1167,20
1168,98.2
1169,18
1170,11.5%
1171,900
1172,120
1173,40
1174,1.5
1175,94%
1176,20
1177,10
1178,4600
1179,198
1180,3
1181,3000
1182,18
1183,48
1184,174
1185,300
1186,8
1187,498
1188,950
1189,876
1190,3000
1191,360
1192,2700
1193,42000
1194,72
1195,95%
1196,15
1197,40
1198,144
1199,314
1200,450
1201,0.5
1202,19
1203,25%
1204,5.1
1205,9.48
1206,84
1207,124
1208,8
1209,5
1210,100
1211,28.57
1212,439
1213,37.5%
1214,900
1215,3200
1216,45
1217,30
1218,30
1219,800
1220,80%
1221,45
1222,3.75
1223,153.6
1224,16
1225,20
1226,94.2
1227,2880
1228,18
1229,270
1230,2
1231,8
1232,52
1233,512
1234,450
1235,94.2
1236,91
1237,70
1238,25
1239,14
1240,40%
1241,12
1242,800
1243,480
1244,497
1245,4200
1246,175
1247,79
1248,58
1249,180
1250,27
1251,45
1252,35
1253,14
1254,36
1255,8
1256,30
1257,38
1258,24
1259,16
1260,53
1261,22
1262,8
1263,37
1264,6
1265,45
1266,7
1267,3
1268,23
1269,18
1270,55
1271,53
1272,30
1273,26
1274,35
1275,12
1276,78
1277,7
1278,94
1279,24
1280,81
1281,51
1282,93
1283,24
1284,48
1285,36
1286,27
1287,35
1288,27
1289,48
1290,9
1291,18
1292,29
1293,10
1294,33
1295,3
1296,10
1297,300
1298,8
1299,6
1300,5
1301,20
1302,6
1303,4
1304,6
1305,6
1306,4
1307,5
1308,83
1309,8
1310,7
1311,10
1312,3
1313,36
1314,8
1315,13
1316,47
1317,6
1318,3
1319,14
1320,8
1321,18
1322,80
1323,35
1324,24
1325,72
1326,27
1327,7
1328,48
1329,10
1330,30
1331,8
1332,74
1333,23
1334,5
1335,35
1336,54
1337,28
1338,27
1339,5
1340,63
1341,24
1342,6
1343,7
1344,34
1345,84
1346,31
1347,33
1348,24
1349,17
1350,27
1351,20
1352,19
1353,24
1354,23
1355,27
1356,150
1357,75.36
1358,160
1359,280
1360,104
1361,9600
1362,60000
1363,5/9
1364,4.2
1365,4/5
1366,10
1367,9
1368,37680
1369,36
1370,32
1371,27
1372,295
1373,60
1374,93.75
1375,4/35
1376,4500
1377,20
1378,2800
1379,2.88
1380,27
1381,304.96
1382,720
1383,84
1384,456
1385,14.75
1386,18
1387,8
1388,150
1389,4.2
1390,24
1391,48
1392,48000
1393,9
1394,40
1395,16
1396,1600
1397,88
1398,90
1399,732
1400,20
1401,180
1402,640
1403,30
1404,240
1405,5
1406,30
1407,36
1408,987
1409,125
1410,148
1411,50
1412,800
1413,320
1414,248
1415,3600
1416,29700
1417,9
1418,200
1419,35
1420,29/20
1421,23.4
1422,39.45
1423,7.4
1424,0.008
1425,15
1426,8
1427,4
1428,306
1429,12
1430,30
1431,24
1432,6
1433,178
1434,4
1435,41.8
1436,216
1437,26.848
1438,72.95
1439,72
1440,20
1441,9
1442,105
1443,96
1444,36
1445,18
1446,27900
1447,256
1448,0.35
1449,4
1450,44
1451,57.6
1452,216
1453,417
1454,45
1455,80
1456,89
1457,45
1458,14
1459,9
1460,3600
1461,560
1462,208
1463,135
1464,9
1465,270
1466,29
1467,248
1468,10
1469,1.2
1470,147
1471,46
1472,20
1473,384
1474,20
1475,9
1476,50
1477,9000
1478,300
1479,24
1480,0.5
1481,80768
1482,30
1483,3.6
1484,3/4
1485,4
1486,10
1487,27
1488,8
1489,56
1490,2.5
1491,27
1492,45
1493,6525
1494,32
1495,4
1496,3
1497,7
1498,10.28
1499,2370
1500,89.5
1501,4
1502,149
1503,24
1504,451
1505,28
1506,48.5
1507,80
1508,23.8
1509,900
1510,945
1511,40
1512,512
1513,187.5
1514,90
1515,200
1516,36
1517,1.7
1518,10690
1519,18
1520,60
1521,48
1522,390
1523,36000
1524,184
1525,4
1526,80
1527,3
1528,320
1529,780
1530,1100
1531,30
1532,8
1533,85
1534,5280
1535,4/8
1536,2.5
1537,32
1538,1/20
1539,800
1540,128
1541,150.72
1542,28
1543,180
1544,3.5
1545,300
1546,130
1547,50
1548,4
1549,17
1550,39
1551,42
1552,4000
1553,3900
1554,6
1555,753.6
1556,8.0944
1557,2.54
1558,4
1559,20
1560,4000
1561,25
1562,10
1563,57
1564,300
1565,30
1566,600
1567,24
1568,5760
1569,9
1570,3400
1571,8
1572,31.4
1573,7.5
1574,52
1575,47.1
1576,9000
1577,30
1578,240
1579,302
1580,125
1581,64
1582,12500
1583,300
1584,1250
1585,960
1586,300
1587,180
1588,52
1589,2400
1590,73
1591,240
1592,96
1593,200
1594,75
1595,48
1596,5.2
1597,30%
1598,128
1599,196
1600,30
1601,256
1602,30
1603,800
1604,12
1605,75%
1606,1260
1607,112
1608,8
1609,37.68
1610,200.96
1611,5024
1612,750
1613,400.5
1614,24.9285714286
1615,48
1616,559
1617,40
1618,375
1619,448
1620,55
1621,150
1622,97.2
1623,120
1624,240
1625,371.4
1626,20
1627,250000
1628,1.5
1629,14
1630,2000
1631,3.5
1632,15
1633,4/3
1634,850
1635,24
1636,9
1637,27
1638,20
1639,2.4875
1640,72
1641,20.48
1642,300
1643,720
1644,59.2
1645,25
1646,12.56
1647,2.5
1648,720
1649,15
1650,1770
1651,30
1652,10
1653,15
1654,74%
1655,401.96
1656,30
1657,2400
1658,49
1659,4020
1660,128
1661,4
1662,2_2/3
1663,40
1664,3.2
1665,5
1666,32
1667,990
1668,625
1669,3.57
1670,3/10
1671,73525
1672,980
1673,32
1674,70
1675,72
1676,270
1677,2.5
1678,48
1679,5000
1680,20
1681,2880
1682,142
1683,2400
1684,3
1685,50
1686,145
1687,810
1688,3140
1689,150
1690,1120
1691,16
1692,3
1693,40
1694,50.24
1695,2400
1696,1040
1697,3.58
1698,42
1699,8
1700,37
1701,24
1702,6.87
1703,3.2
1704,40/3
1705,0.2
1706,4/3
1707,17
1708,450
1709,5.5
1710,720
1711,3400
1712,6600
1713,404
1714,2400
1715,9
1716,4
1717,450
1718,18
1719,720
1720,2/5
1721,40.872
1722,20
1723,96
1724,188.4
1725,18
1726,35
1727,376.8
1728,8
1729,360
1730,3/8
1731,50
1732,88
1733,37.5
1734,25
1735,96
1736,80
1737,150
1738,280
1739,3888
1740,27
1741,42
1742,50
1743,1380
1744,75
1745,52
1746,120
1747,94.2
1748,24
1749,3600
1750,214
1751,300
1752,12
1753,1.74
1754,25
1755,45
1756,4
1757,3600
1758,31.4
1759,120
1760,17
1761,192
1762,32.13
1763,387
1764,5
1765,75
1766,55
1767,30
1768,36
1769,8
1770,2.5
1771,240
1772,2400
1773,3000
1774,20
1775,200
1776,640
1777,250
1778,11960
1779,720
1780,50
1781,9
1782,1270
1783,1800
1784,64
1785,28
1786,9
1787,6
1788,1092
1789,6
1790,600
1791,250
1792,20
1793,11460
1794,5
1795,22
1796,5
1797,240
1798,24
1799,775
1800,4
1801,7/12
1802,3360
1803,300
1804,300
1805,900
1806,7200
1807,18
1808,150
1809,8
1810,630
1811,3.33
1812,346.54
1813,30
1814,8
1815,120
1816,8
1817,20
1818,210
1819,36
1820,7040
1821,9
1822,160
1823,9
1824,3576
1825,2405
1826,12.5
1827,5
1828,80
1829,218.9
1830,40
1831,3
1832,60
1833,5800
1834,252
1835,345.6
1836,1458
1837,3
1838,8
1839,2
1840,1200
1841,2.75
1842,12
1843,4
1844,760
1845,30.14
1846,25
1847,706
1848,9
1849,3000
1850,818
1851,43.86
1852,45
1853,935
1854,1
1855,11
1856,1800
1857,30000
1858,60
1859,198
1860,120/9
1861,2.5
1862,96
1863,12
1864,8
1865,8
1866,475
1867,6
1868,36
1869,7040
1870,6300
1871,20
1872,5400
1873,7040
1874,2.5
1875,11
1876,24
1877,6.7
1878,108
1879,45
1880,9.42
1881,6.27
1882,6
1883,3888
1884,1088
1885,18
1886,2
1887,9
1888,2700
1889,7
1890,16
1891,52%
1892,54
1893,40.82
1894,75
1895,256
1896,0.1
1897,3.2
1898,60
1899,64
1900,9
1901,32
1902,756
1903,2.13
1904,3
1905,192
1906,420
1907,504
1908,27
1909,21
1910,225
1911,1478
1912,12
1913,9
1914,1.24
1915,216
1916,18
1917,11
1918,16
1919,96
1920,12
1921,480
1922,11
1923,504
1924,13
1925,360
1926,12
1927,72
1928,5.5
1929,282.6
1930,20
1931,30
1932,40
1933,450
1934,3810
1935,6
1936,254.4
1937,30.14
1938,11
1939,40
1940,200
1941,0.8
1942,62.8
1943,2000
1944,40.7
1945,24
1946,2700
1947,200
1948,12
1949,20
1950,20%
1951,7
1952,6
1953,28.6
1954,3.14
1955,4900
1956,10
1957,217
1958,80.84
1959,500
1960,18
1961,0.4
1962,3740
1963,20
1964,37008
1965,80.96
1966,240
1967,360
1968,28.26
1969,57
1970,890
1971,4.2
1972,30
1973,0.84
1974,15
1975,43
1976,0.8
1977,60
1978,90
1979,9
1980,1000
1981,25
1982,14.4
1983,39.25
1984,7
1985,78
1986,300
1987,3/5
1988,24
1989,7400
1990,201
1991,15
1992,789.3
1993,232.5
1994,22
1995,4605
1996,200
1997,12
1998,13.5
1999,24
2000,12
2001,168
2002,24/5
2003,87
2004,80
2005,45
2006,265
2007,885
2008,900
2009,621
2010,84
2011,42
2012,1300
2013,0.4
2014,40
2015,108
2016,14
2017,3.4
2018,4
2019,400
2020,140
2021,96
2022,400
2023,80
2024,40
2025,12.06
2026,900
2027,14
2028,6
2029,20%
2030,25%
2031,47
2032,7
2033,34
2034,3840
2035,2300
2036,648
2037,720
2038,384
2039,2.5
2040,0.8
2041,28.26
2042,98.4
2043,6
2044,0.8
2045,7
2046,240
2047,90/13
2048,8
2049,20
2050,12
2051,1053
2052,216
2053,458.4
2054,10
2055,50.24
2056,39
2057,130
2058,4.8
2059,190000
2060,200
2061,42
2062,不够
2063,27.4
2064,24
2065,160
2066,4000
2067,4000
2068,28.26
2069,315
2070,42
2071,268
2072,3000
2073,96000
2074,54
2075,50
2076,825
2077,49
2078,480
2079,2000
2080,3.37
2081,22
2082,35
2083,12
2084,3.75
2085,80
2086,942
2087,54
2088,450
2089,1560
2090,112
2091,108
2092,20000
2093,800
2094,840
2095,565.2
2096,400
2097,24
2098,5.5
2099,14
2100,840
2101,700
2102,3.78
2103,384
2104,96
2105,40
2106,70.86
2107,96
2108,2520
2109,2056
2110,200
2111,4
2112,80
2113,19.84
2114,40
2115,622
2116,45
2117,200
2118,628
2119,360
2120,9
2121,928
2122,282.5
2123,78.5
2124,2.8
2125,1
2126,830
2127,99
2128,392
2129,480
2130,4
2131,300
2132,30
2133,3870
2134,7
2135,1828
2136,23
2137,8
2138,14
2139,12
2140,3.5
2141,8
2142,12
2143,12
2144,0.4
2145,90
2146,1344
2147,24
2148,15/12
2149,30
2150,707.36
2151,471.36
2152,4.5
2153,87.92
2154,726
2155,11
2156,10.5
2157,1200
2158,18
2159,45.36
2160,280
2161,480
2162,840
2163,30
2164,22
2165,37.5
2166,440
2167,220
2168,158
2169,3.6
2170,2.5
2171,4
2172,17.5%
2173,10993.5
2174,7
2175,12%
2176,65%
2177,3
2178,300
2179,48
2180,314
2181,2400
2182,715
2183,10
2184,2544
2185,80
2186,28
2187,441
2188,1720
2189,30000
2190,900
2191,8
2192,2250
2193,56
2194,2
2195,3400
2196,24
2197,0.5
2198,200
2199,12
2200,800
2201,768
2202,3600
2203,11400
2204,3.5
2205,50
2206,24
2207,40
2208,20.5
2209,210
2210,496
2211,40.96
2212,135
2213,36
2214,1.42
2215,3.5
2216,9
2217,246
2218,9
2219,20
2220,10890
2221,4750
2222,495
2223,31
2224,9.425
2225,300
2226,6
2227,80
2228,378
2229,3100
2230,753.6
2231,5
2232,30
2233,9
2234,0.98
2235,1.44
2236,5
2237,92
2238,44
2239,2000
2240,1500
2241,138
2242,40
2243,6328
2244,45
2245,1.95
2246,6
2247,90
2248,4.5
2249,800
2250,376.8
2251,90
2252,78
2253,24
2254,1440
2255,9
2256,200
2257,5625
2258,32
2259,4
2260,448
2261,16%
2262,22%
2263,9.3
2264,4
2265,95
2266,232
2267,22.5
2268,81
2269,27
2270,0.48
2271,300
2272,33.2
2273,40
2274,9
2275,75
2276,1308
2277,320
2278,1
2279,7.6
2280,360
2281,1260
2282,900
2283,1490
2284,3396
2285,54
2286,120
2287,15
2288,5
2289,280
2290,75
2291,45
2292,37.5
2293,40
2294,36
2295,34.54
2296,72
2297,7
2298,4
2299,62.8
2300,36
2301,2.5
2302,300
2303,20
2304,50.24
2305,50.24
2306,8
2307,19
2308,13
2309,8
2310,8
2311,6
2312,56
2313,4500
2314,3750
2315,6.78
2316,1020
2317,456
2318,24/7
2319,48
2320,90
2321,144
2322,192
2323,34.4
2324,75
2325,900
2326,1537
2327,350
2328,480
2329,13
2330,45
2331,29
2332,0.5
2333,3800
2334,11.4
2335,80
2336,15
2337,5
2338,735
2339,3
2340,25
2341,1520
2342,18
2343,50
2344,3/8
2345,89
2346,504
2347,144
2348,48
2349,307
2350,1200
2351,45
2352,270
2353,24
2354,150
2355,240
2356,540
2357,12
2358,75
2359,1513
2360,62.5%
2361,12
2362,448
2363,8
2364,476
2365,300
2366,20
2367,28.26
2368,50
2369,4
2370,75
2371,7
2372,0.4536
2373,84
2374,240
2375,32
2376,8
2377,7
2378,3
2379,3.2
2380,180
2381,24
2382,6.75
2383,1200
2384,370
2385,121
2386,52
2387,730
2388,14
2389,0.75
2390,90
2391,24
2392,210000
2393,15
2394,8.48
2395,5
2396,128
2397,9
2398,350
2399,40%
2400,25.7
2401,28
2402,500
2403,8
2404,270
2405,16
2406,74
2407,2.1
2408,14
2409,9.42
2410,9
2411,50.24
2412,5
2413,6
2414,32
2415,200
2416,12.56
2417,2800
2418,30
2419,20
2420,942
2421,300
2422,3
2423,21/4
2424,4.5
2425,360
2426,52
2427,8
2428,60
2429,9.6
2430,49
2431,30
2432,48/13
2433,4/5
2434,120
2435,18
2436,37.5
2437,89.6
2438,20
2439,12
2440,30
2441,239
2442,36
2443,5
2444,25
2445,8
2446,75
2447,490
2448,7
2449,570
2450,1650
2451,30
2452,50
2453,282.6
2454,80
2455,25
2456,25%
2457,136
2458,30
2459,282.6
2460,30
2461,6
2462,5
2463,10
2464,392.75
2465,135
2466,150.72
2467,20
2468,24
2469,3200
2470,20
2471,44
2472,5
2473,1200
2474,12
2475,8000
2476,25
2477,4
2478,25
2479,60
2480,75
2481,38
2482,48
2483,2
2484,12.56
2485,600
2486,24
2487,4276
2488,8
2489,8
2490,12
2491,9
2492,12
2493,3
2494,78
2495,539
2496,20
2497,14800
2498,3/8
2499,34
2500,195
2501,38
2502,2000
2503,20
2504,75%
2505,40%
2506,4.8
2507,15
2508,216
2509,72
2510,450
2511,34.54
2512,850
2513,3.768
2514,2.58
2515,80
2516,2.5
2517,25.12
2518,282.6
2519,5
2520,171
2521,5840
2522,384.54
2523,48/5
2524,18
2525,352
2526,24
2527,300
2528,40
2529,66
2530,12
2531,48/5
2532,7
2533,80
2534,30
2535,94.2
2536,40
2537,216
2538,1.4
2539,84
2540,4.8
2541,8
2542,10
2543,2
2544,750
2545,15
2546,960
2547,40
2548,425
2549,23
2550,3
2551,5
2552,540
2553,20%
2554,9
2555,2.5
2556,300
2557,502.4
2558,5
2559,1152
2560,32%
2561,60
2562,9.2
2563,30
2564,4
2565,3524
2566,130
2567,25.12
2568,2
2569,300
2570,100
2571,3090
2572,8
2573,6.5
2574,40
2575,30
2576,5
2577,38.75
2578,28.26
2579,480
2580,2000
2581,12
2582,12
2583,58
2584,1.5
2585,800
2586,52
2587,25
2588,27
2589,9
2590,2.25
2591,12
2592,270
2593,220
2594,270
2595,300
2596,180
2597,21
2598,90
2599,50
2600,125
2601,3360
2602,900
2603,54
2604,128
2605,70
2606,14
2607,400
2608,8
2609,21
2610,180
2611,12.56
2612,1344
2613,1125
2614,30
2615,10
2616,72
2617,3000
2618,720
2619,4
2620,94%
2621,0.25
2622,3/5
2623,25
2624,3.5
2625,28.26
2626,40.96
2627,180
2628,25%
2629,200
2630,252
2631,60
2632,48
2633,73
2634,28
2635,75
2636,7
2637,143.92
2638,16
2639,5
2640,20
2641,9
2642,9
2643,900
2644,30
2645,128
2646,48
2647,48
2648,200
2649,90
2650,4
2651,31.4
2652,3.128
2653,240
2654,270
2655,2.4
2656,2.5
2657,4
2658,9
2659,20.7
2660,24.84
2661,80
2662,800/7
2663,30
2664,900
2665,2160
2666,348
2667,93.75%
2668,180
2669,40
2670,0.42857142857143
2671,300
2672,3500
2673,35
2674,40
2675,35
2676,20
2677,2
2678,784
2679,209.6
2680,56
2681,8
2682,3.5
2683,120000
2684,40000
2685,2800
2686,16%
2687,40000
2688,180
2689,4
2690,220
2691,5200
2692,八五
2693,248
2694,9.6
2695,20
2696,75.36
2697,530
2698,32
2699,24
2700,10
2701,24/5
2702,1200
2703,100
2704,78
2705,200
2706,5
2707,8
2708,6
2709,420
2710,84
2711,12
2712,170.6
2713,720
2714,2
2715,370
2716,75.36
2717,130
2718,24
2719,2.5
2720,32400
2721,1764
2722,20160
2723,2079
2724,20400
2725,18/5
2726,12
2727,50
2728,2370
2729,9
2730,138
2731,72
2732,5
2733,200
2734,30
2735,3.75
2736,9_2/5
2737,100
2738,30
2739,18
2740,2.75
2741,97
2742,37
2743,980
2744,30
2745,90
2746,27
2747,23
2748,187.5
2749,512
2750,24
2751,17
2752,1000
2753,5
2754,4
2755,96
2756,1.26
2757,200
2758,45.6
2759,35
2760,2
2761,1020
2762,90
2763,432
2764,129
2765,19.7
2766,8
2767,4
2768,419
2769,5
2770,40
2771,42.88
2772,6
2773,20
2774,75
2775,24
2776,8
2777,14
2778,90
2779,240
2780,9
2781,20
2782,7
2783,4
2784,375
2785,7
2786,1160
2787,86
2788,560
2789,17
2790,6
2791,4
2792,36
2793,32
2794,50
2795,100
2796,48.3
2797,4.8
2798,5
2799,7
2800,9
2801,456
2802,7
2803,100
2804,882
2805,250
2806,32
2807,25
2808,45
2809,16
2810,150.72
2811,1344
2812,120
2813,3
2814,192
2815,0.5
2816,12
2817,3600
2818,36
2819,220
2820,3.14
2821,120
2822,1240
2823,9
2824,2.5
2825,68
2826,5440
2827,5.5
2828,250
2829,24
2830,80
2831,17
2832,30
2833,72
2834,518
2835,6
2836,19
2837,9600
2838,1200
2839,37.5%
2840,80
2841,48
2842,35
2843,27
2844,290
2845,376.8
2846,40
2847,48
2848,94.2
2849,846
2850,13
2851,50.24
2852,0.5
2853,4000
2854,30
2855,10%
2856,2
2857,28
2858,30
2859,7.5
2860,5500
2861,316
2862,7
2863,39.6
2864,8
2865,16
2866,10
2867,400
2868,4.71
2869,1000
2870,280
2871,3000
2872,1200
2873,5
2874,25.12
2875,750
2876,4
2877,25%
2878,910
2879,32
2880,5
2881,7200
2882,96%
2883,30
2884,2.5
2885,7.5
2886,8
2887,1256
2888,3680
2889,2512
2890,1050
2891,270
2892,2
2893,4
2894,270
2895,25%
2896,20
2897,259
2898,2490
2899,1275
2900,9
2901,527
2902,15
2903,8
2904,25
2905,132
2906,23.75
2907,40
2908,50.24
2909,300
2910,7
2911,11
2912,505
2913,66
2914,4
2915,80
2916,16
2917,150.72
2918,25
2919,495
2920,180
2921,32
2922,16
2923,6600
2924,10/4
2925,40
2926,12000
2927,9
2928,396
2929,8
2930,132
2931,12
2932,879
2933,25
2934,7
2935,785.36
2936,40
2937,78.5
2938,6
2939,30
2940,27000
2941,200
2942,7536
2943,84
2944,12
2945,454.32
2946,200
2947,47.1
2948,60
2949,397
2950,40.5
2951,3.27
2952,48
2953,57
2954,500
2955,11.25
2956,9
2957,8
2958,36
2959,8
2960,8
2961,240
2962,48
2963,390
2964,12.56
2965,20
2966,30
2967,180
2968,30
2969,280
2970,21
2971,28.8
2972,90
2973,30
2974,3.6
2975,12.5
2976,14.4
2977,62.8
2978,176
2979,40
2980,48
2981,98.6%
2982,3
2983,4000
2984,8000
2985,415
2986,1.28
2987,5
2988,130
2989,20
2990,5.6
2991,1.6
2992,78.5
2993,387.6
2994,500
2995,32
2996,400
2997,105
2998,18
2999,12
3000,400
3001,240
3002,88
3003,62.8
3004,0.35
3005,200
3006,27
3007,25
3008,126.6
3009,20.776
3010,78.5
3011,1.9
3012,5024
3013,1277
3014,3768
3015,3000
3016,8
3017,200
3018,96
3019,120
3020,60
3021,25
3022,960
3023,800
3024,15
3025,56
3026,33
3027,1500
3028,3600
3029,14400
3030,6
3031,742
3032,12
3033,18/5
3034,8
3035,500
3036,360
3037,5.5
3038,15%
3039,4
3040,376.8
3041,3
3042,10
3043,3.75
3044,240
3045,7.5
3046,374
3047,1780
3048,8
3049,30
3050,3.0
3051,54
3052,30
3053,8
3054,21
3055,270
3056,400
3057,3
3058,900
3059,513.6
3060,1250
3061,624
3062,50.24
3063,75.36
3064,280
3065,40
3066,1440
3067,24
3068,140
3069,2500
3070,120
3071,9540
3072,50%
3073,80
3074,4.3
3075,350
3076,30
3077,39.28
3078,30
3079,45
3080,75
3081,80
3082,3768
3083,0.7542875
3084,27
3085,72
3086,2000
3087,20
3088,25
3089,96
3090,98%
3091,180
3092,42
3093,72
3094,239.8
3095,297.6
3096,47.5
3097,2
3098,34.54
3099,3
3100,2.38
3101,5/9
3102,100
3103,32
3104,72
3105,30
3106,240
3107,3150
3108,50
3109,7/6
3110,4
3111,360
3112,192
3113,240
3114,490
3115,1.2
3116,300
3117,270
3118,25
3119,45
3120,314
3121,240
3122,300
3123,12
3124,12
3125,150
3126,450
3127,34
3128,8
3129,400
3130,3000
3131,360
3132,5
3133,5.3
3134,1250
3135,48
3136,248.94
3137,471
3138,720
3139,48
3140,95%
3141,6000
3142,20
3143,30
3144,80
3145,2320
3146,5
3147,900
3148,1.50
3149,450
3150,20
3151,30
3152,9
3153,50
3154,9.4
3155,12
3156,24
3157,0.48
3158,30
3159,8
3160,9600
3161,280
3162,15360
3163,10%
3164,1.44
3165,48
3166,15
3167,36
3168,73
3169,7
3170,240
3171,200
3172,32
3173,30
3174,85
3175,140
3176,1809
3177,57
3178,528
3179,48
3180,900
3181,36.3
3182,2.4
3183,3.7
3184,720
3185,288
3186,5.5
3187,1284
3188,609
3189,25
3190,72
3191,425
3192,288
3193,60
3194,720
3195,30
3196,52
3197,25600
3198,1800
3199,2700
3200,70
3201,48
3202,3600
3203,3200
3204,198
3205,5
3206,495
3207,200
3208,204
3209,175
3210,112
3211,49.84
3212,72
3213,8
3214,9
3215,75
3216,602
3217,800
3218,25
3219,90
3220,10
3221,7
3222,25
3223,350
3224,360
3225,475
3226,240
3227,5
3228,20
3229,35
3230,2450
3231,384
3232,3200
3233,390
3234,27
3235,3060
3236,726
3237,3250
3238,475
3239,25
3240,208
3241,8400
3242,1170
3243,1160
3244,800
3245,50
3246,2560
3247,372
3248,2500
3249,24000
3250,280
3251,78.7
3252,300
3253,1200
3254,60
3255,30
3256,11.25
3257,3
3258,8
3259,4
3260,2586
3261,8
3262,25
3263,20
3264,3.25
3265,9
3266,78
3267,470
3268,30
3269,184
3270,225
3271,24
3272,29
3273,7
3274,63
3275,372
3276,180
3277,35
3278,1570
3279,625
3280,784
3281,5400
3282,7
3283,270
3284,484
3285,42
3286,20
3287,7
3288,500
3289,5400
3290,250
3291,138
3292,80
3293,14
3294,52
3295,27
3296,78
3297,250
3298,1000
3299,45
3300,7
3301,65
3302,768
3303,89
3304,189
3305,11
3306,447
3307,497
3308,93
3309,39
3310,114
3311,740
3312,72
3313,9
3314,31
3315,7
3316,63
3317,315
3318,369
3319,3
3320,220
3321,54
3322,605
3323,39
3324,8520
3325,15
3326,200
3327,2400
3328,1425
3329,36
3330,80
3331,90
3332,250
3333,720
3334,420
3335,90
3336,207
3337,20
3338,720
3339,480
3340,200
3341,704
3342,95
3343,40
3344,327
3345,20
3346,120
3347,14
3348,3600
3349,198
3350,32
3351,18
3352,15
3353,48
3354,39
3355,2750
3356,784
3357,130
3358,60
3359,86
3360,220
3361,720
3362,176
3363,252
3364,45
3365,88
3366,38
3367,300
3368,80
3369,10
3370,13500
3371,14220
3372,940
3373,1800
3374,496
3375,80
3376,7
3377,910
3378,300
3379,256
3380,32
3381,945
3382,90
3383,735
3384,2070
3385,86
3386,29
3387,15
3388,24
3389,45
3390,98
3391,432
3392,960
3393,60
3394,40
3395,130
3396,24
3397,35
3398,40
3399,100
3400,745
3401,90
3402,45
3403,52
3404,15
3405,47
3406,274
3407,500
3408,40
3409,16
3410,100
3411,6
3412,216
3413,4395
3414,400
3415,232
3416,5
3417,45
3418,16
3419,1950
3420,60
3421,90
3422,552
3423,7980
3424,7200
3425,9
3426,33600
3427,432
3428,36
3429,25
3430,4
3431,37_2/8
3432,2085
3433,12
3434,92
3435,25.44
3436,3
3437,12
3438,40
3439,78
3440,1.24
3441,480
3442,150
3443,9
3444,12850
3445,252
3446,550
3447,4
3448,60
3449,96
3450,1400
3451,224
3452,5200
3453,4
3454,90
3455,128
3456,7
3457,28
3458,40
3459,30
3460,32
3461,3
3462,15
3463,304
3464,13
3465,5
3466,170
3467,180
3468,987.5
3469,350
3470,3.2
3471,27
3472,9.4
3473,7560
3474,12
3475,3750
3476,19
3477,42
3478,8
3479,600
3480,760
3481,3.5
3482,20
3483,49
3484,800
3485,96
3486,30
3487,72
3488,240
3489,90
3490,20
3491,1728
3492,14
3493,843
3494,100
3495,15
3496,4
3497,3.6
3498,3.6
3499,9
3500,6
3501,16
3502,50
3503,800
3504,4
3505,3120
3506,14
3507,40
3508,475
3509,3200
3510,320
3511,420
3512,12
3513,9375
3514,11.75
3515,5760
3516,760
3517,6
3518,25
3519,525
3520,192
3521,8
3522,24
3523,6
3524,52.16
3525,1000
3526,40
3527,9000
3528,2.5
3529,9
3530,40
3531,20
3532,7.85
3533,200
3534,0.2
3535,5
3536,10
3537,6
3538,192
3539,356
3540,200
3541,2400
3542,12180
3543,2590
3544,6.25
3545,5
3546,15
3547,1494
3548,588
3549,2000
3550,8
3551,75
3552,15
3553,4250
3554,205
3555,720
3556,226
3557,7
3558,50000
3559,520
3560,354
3561,1400
3562,912
3563,9
3564,3800
3565,164
3566,56
3567,5385
3568,1512
3569,2
3570,12
3571,6
3572,7
3573,35
3574,24
3575,2200
3576,57
3577,20
3578,14
3579,34
3580,4800
3581,76
3582,74
3583,24
3584,405
3585,40
3586,50
3587,270
3588,6480
3589,14
3590,3000
3591,48
3592,57.6
3593,15
3594,30.5
3595,1440
3596,420
3597,8
3598,23
3599,8
3600,134
3601,84480
3602,74
3603,2817
3604,1500
3605,640
3606,40
3607,15
3608,22
3609,4_2/9
3610,12
3611,20
3612,645.6
3613,84
3614,945
3615,8
3616,704
3617,112
3618,2.56
3619,160
3620,144
3621,6
3622,450
3623,183
3624,10
3625,4400
3626,72
3627,48
3628,1080
3629,270
3630,1200
3631,920
3632,780
3633,13800
3634,3875
3635,175
3636,140
3637,497
3638,15
3639,380
3640,47
3641,7
3642,1296
3643,3480
3644,29.475
3645,23
3646,36
3647,2450
3648,3
3649,390
3650,20
3651,7
3652,48
3653,2300
3654,134
3655,3
3656,139
3657,945
3658,70
3659,562
3660,24
3661,2450
3662,2.5
3663,54
3664,14
3665,512
3666,92
3667,348
3668,800
3669,456
3670,2700
3671,2592
3672,12
3673,100
3674,9.5
3675,704
3676,4870
3677,1092
3678,0.45
3679,5680
3680,936
3681,1260
3682,12
3683,60
3684,10
3685,51
3686,1632
3687,400
3688,1000
3689,384
3690,225
3691,20
3692,8
3693,38
3694,1058
3695,504
3696,40
3697,3
3698,9500
3699,203
3700,1632
3701,240
3702,880
3703,5
3704,1350
3705,7
3706,4500
3707,56
3708,37
3709,42
3710,6_2/3
3711,73
3712,18140
3713,9
3714,480
3715,580
3716,10000
3717,519
3718,14
3719,684
3720,12
3721,294
3722,705
3723,72
3724,135750
3725,7
3726,24
3727,100
3728,10
3729,40
3730,1200
3731,84
3732,240
3733,38
3734,534
3735,2000
3736,107
3737,3640
3738,456
3739,12000
3740,409
3741,2000
3742,714
3743,5360
3744,200
3745,450
3746,212
3747,8
3748,150
3749,9
3750,828
3751,105
3752,200
3753,720
3754,1344
3755,3600
3756,37
3757,56
3758,3360
3759,5000
3760,18000
3761,94
3762,72
3763,6
3764,15
3765,11_2/3
3766,3
3767,2090
3768,300
3769,6
3770,51
3771,2160
3772,108
3773,9
3774,780
3775,11
3776,20000
3777,80
3778,76325
3779,8
3780,552
3781,10
3782,12
3783,280
3784,30
3785,20
3786,40900
3787,48
3788,414
3789,483
3790,0.65
3791,3430
3792,240
3793,75
3794,270
3795,93.6
3796,24
3797,36
3798,108
3799,940
3800,1080
3801,14.6
3802,7900
3803,5
3804,9
3805,84
3806,1671
3807,4000
3808,54
3809,8
3810,270
3811,144
3812,48
3813,150
3814,750
3815,48
3816,489
3817,15
3818,45
3819,36
3820,24900
3821,40
3822,36
3823,50
3824,120
3825,5.83
3826,36
3827,10
3828,576
3829,1710
3830,379
3831,34.56
3832,112000
3833,14
3834,180
3835,60
3836,896
3837,12
3838,45
3839,2970
3840,8100
3841,1232
3842,192
3843,1673
3844,2.25
3845,8
3846,7
3847,576
3848,15
3849,1360
3850,97
3851,512
3852,2.4
3853,56
3854,2520
3855,50
3856,576
3857,048
3858,455
3859,75
3860,960
3861,96
3862,140
3863,1440
3864,468
3865,3600
3866,1440
3867,375
3868,368
3869,5000
3870,4.5
3871,40
3872,20
3873,10080
3874,30
3875,5760
3876,54
3877,120
3878,750
3879,2800
3880,7.84
3881,5
3882,54
3883,3
3884,29
3885,45
3886,2700
3887,240
3888,80
3889,12000
3890,144
3891,80
3892,1.76
3893,98
3894,8
3895,24
3896,270
3897,27
3898,12
3899,25
3900,8
3901,不能
3902,38
3903,2400
3904,3
3905,7
3906,144
3907,168
3908,10
3909,3.2
3910,410
3911,6
3912,91
3913,190
3914,16054
3915,50040
3916,1500
3917,20
3918,3360
3919,312
3920,225
3921,520
3922,2100
3923,21
3924,3800
3925,5
3926,9
3927,540
3928,225
3929,250
3930,304
3931,4.08
3932,360
3933,340
3934,175
3935,50
3936,1560
3937,25
3938,731
3939,75488
3940,456
3941,1247
3942,6
3943,768
3944,12.8
3945,30
3946,300
3947,4
3948,40
3949,4
3950,945
3951,420
3952,5
3953,54.36
3954,462
3955,1600
3956,484
3957,30
3958,9
3959,24
3960,90
3961,81
3962,36
3963,375
3964,474
3965,70
3966,52
3967,8
3968,304
3969,12
3970,25
3971,65
3972,455
3973,422
3974,96
3975,41.25
3976,9
3977,20
3978,35
3979,30
3980,18
3981,1495
3982,3
3983,3600
3984,35
3985,2450
3986,54.5
3987,7.5
3988,320
3989,28
3990,2520
3991,8
3992,29280
3993,60
3994,2800
3995,13
3996,9
3997,56
3998,580
3999,270
4000,49
4001,18
4002,781
4003,1764
4004,5934
4005,50
4006,63
4007,23
4008,80
4009,240
4010,840
4011,12.8
4012,340
4013,10
4014,135
4015,60
4016,20
4017,208
4018,14.8
4019,14.8
4020,20
4021,1.75
4022,7
4023,390
4024,28
4025,800
4026,3092
4027,2
4028,300
4029,7.2
4030,24
4031,18
4032,30
4033,960
4034,47
4035,14
4036,4
4037,732
4038,42980
4039,249.7
4040,30.4
4041,780
4042,350
4043,800
4044,12
4045,760
4046,2400
4047,18000
4048,92
4049,288
4050,180
4051,3_1/3
4052,160
4053,9
4054,0.72
4055,1094
4056,12
4057,270
4058,257
4059,26
4060,200
4061,3000
4062,576
4063,685
4064,7
4065,410
4066,173
4067,720
4068,24
4069,852
4070,4.8
4071,3000
4072,79
4073,140
4074,1400
4075,130
4076,284
4077,6
4078,9.5
4079,375
4080,12
4081,128
4082,545
4083,1672
4084,9
4085,1260
4086,122
4087,1442
4088,24000
4089,10
4090,48
4091,930
4092,72.5
4093,25
4094,9600
4095,4936
4096,5
4097,3.75
4098,237.4
4099,2040
4100,45
4101,130
4102,800
4103,300
4104,39
4105,1396
4106,24
4107,2304
4108,34
4109,25.75
4110,4
4111,2.5
4112,5
4113,37
4114,4020
4115,85
4116,8
4117,8
4118,12
4119,690
4120,24
4121,5
4122,48
4123,8
4124,9
4125,50
4126,36000
4127,1035
4128,112
4129,95
4130,350
4131,544
4132,1275
4133,26.2
4134,140
4135,18.2
4136,456
4137,3_3/7
4138,15
4139,1.2
4140,45
4141,85
4142,3840
4143,840
4144,1112
4145,400
4146,49
4147,13
4148,12
4149,1163
4150,256
4151,60
4152,4
4153,588
4154,3786
4155,5.5
4156,240
4157,428
4158,5
4159,2
4160,250
4161,120
4162,31.4
4163,3920
4164,96.25
4165,360
4166,35
4167,360
4168,15
4169,10
4170,64
4171,18.75
4172,252
4173,3600
4174,3840
4175,600
4176,36
4177,301.44
4178,394.24
4179,10.5
4180,4008
4181,60
4182,960
4183,169
4184,240
4185,28.5
4186,25
4187,72
4188,3.2
4189,4
4190,40
4191,2826
4192,40
4193,4
4194,94.3%
4195,28.26
4196,275
4197,288
4198,62.8
4199,27
4200,159
4201,54
4202,130%
4203,480
4204,3.14
4205,22500
4206,13
4207,720
4208,128
4209,5200
4210,70
4211,12
4212,216
4213,30
4214,350
4215,30
4216,5
4217,180
4218,240
4219,1050
4220,10
4221,180
4222,72
4223,384
4224,40/9
4225,401.92
4226,70
4227,360
4228,3
4229,3768
4230,36
4231,32
4232,9.42
4233,12.5%
4234,31.4
4235,48
4236,30
4237,720
4238,7
4239,80
4240,30
4241,20
4242,48
4243,400
4244,62
4245,960
4246,700
4247,33
4248,440
4249,2.5
4250,12
4251,39
4252,900
4253,4.95
4254,320
4255,3.2
4256,30.24
4257,8
4258,150
4259,40
4260,15
4261,548
4262,48
4263,1942
4264,288
4265,8
4266,1.3
4267,54
4268,142
4269,4.71
4270,25
4271,32
4272,32
4273,54
4274,32
4275,540
4276,2880
4277,140
4278,22
4279,5328
4280,36.6
4281,87.92
4282,15
4283,40
4284,27
4285,900
4286,12
4287,2700
4288,74
4289,33840
4290,800
4291,9
4292,10
4293,3960
4294,450
4295,144
4296,32
4297,840
4298,280
4299,90
4300,7
4301,14
4302,7200
4303,15
4304,220
4305,40
4306,25
4307,7
4308,5
4309,100
4310,4200
4311,3900
4312,45
4313,288
4314,2.5%
4315,10%
4316,2544
4317,280
4318,230
4319,20
4320,199
4321,4.5
4322,255
4323,40
4324,9.42
4325,75.36
4326,51.06
4327,2
4328,50
4329,0.72
4330,32
4331,15005
4332,15
4333,288
4334,384
4335,240
4336,300
4337,72
4338,32
4339,40
4340,9.8%
4341,720
4342,360
4343,4800
4344,84
4345,9.3
4346,40%
4347,25.4
4348,20%
4349,8.5
4350,5
4351,40
4352,6
4353,12
4354,25
4355,28
4356,2.5
4357,136
4358,1.38
4359,9
4360,12.56
4361,8
4362,2
4363,12.5
4364,750
4365,800
4366,240
4367,20/15
4368,2700
4369,72
4370,72
4371,83.98
4372,20
4373,9
4374,14
4375,3/5
4376,40
4377,37.56
4378,30
4379,9
4380,3.768
4381,100
4382,23.58
4383,45
4384,284
4385,18
4386,28
4387,4.7
4388,2250
4389,30
4390,240
4391,3920
4392,7.5
4393,3
4394,22
4395,6400
4396,6400
4397,36000
4398,9/4
4399,5
4400,5
4401,2760
4402,192
4403,20
4404,100
4405,30
4406,30
4407,14.4
4408,17
4409,24
4410,9
4411,23.54
4412,50.4
4413,852
4414,1236
4415,40
4416,40
4417,80
4418,10000
4419,300
4420,9
4421,75
4422,12.666
4423,400
4424,5000
4425,480
4426,9420
4427,9360
4428,150.72
4429,37.68
4430,942
4431,16
4432,1/3
4433,96
4434,2
4435,800
4436,125
4437,9
4438,25.12
4439,3.14
4440,10
4441,1400
4442,10%
4443,2826.5
4444,340
4445,20
4446,12
4447,144
4448,50.24
4449,75.36
4450,28.26
4451,3
4452,50.24
4453,5
4454,28800
4455,24
4456,94500
4457,35
4458,3
4459,30
4460,180
4461,75.36
4462,96
4463,40
4464,50.24
4465,28.26
4466,4.52
4467,3.14
4468,45
4469,840
4470,4500
4471,200
4472,36.528775592
4473,2
4474,34800
4475,50.24
4476,3
4477,10
4478,360
4479,960
4480,300
4481,360
4482,75.36
4483,3600
4484,160
4485,150
4486,384
4487,28.26
4488,5
4489,50.24
4490,78.5
4491,2.5
4492,62.8
4493,14.5
4494,2900
4495,13.5
4496,25.12
4497,9.42
4498,2826.5
4499,40
4500,93
4501,120
4502,5
4503,3600
4504,12.56
4505,38%
4506,25.12
4507,12.56
4508,12.56
4509,4056
4510,25
4511,190
4512,12
4513,7
4514,8
4515,24
4516,6.28
4517,307.74
4518,19.625
4519,34
4520,4/9
4521,9.0
4522,5100
4523,12.56
4524,12.56
4525,459.36
4526,20539.2
4527,48
4528,350
4529,1440
4530,60
4531,37.5
4532,5500
4533,6.5
4534,120
4535,7200
4536,90
4537,270
4538,5.4
4539,218.9
4540,3600
4541,32
4542,5024
4543,28.26
4544,2196
4545,78.5
4546,48000
4547,32
4548,56
4549,526
4550,28.26
4551,20%
4552,8.052
4553,48
4554,3.2
4555,34
4556,157
4557,78.5
4558,206
4559,200
4560,2
4561,50.24
4562,3.6
4563,18
4564,500
4565,3200
4566,250
4567,30.825
4568,314
4569,98%
4570,9.4
4571,56.52
4572,3
4573,31.4
4574,12.56
4575,4.8
4576,7
4577,3014.4
4578,301.44
4579,5.76
4580,60/7
4581,3.768
4582,40
4583,30.1448
4584,9
4585,6.28
4586,8.0528
4587,2/5
4588,600
4589,2800
4590,40
4591,4
4592,48
4593,2826
4594,9
4595,4
4596,6_2/3
4597,45/8
4598,14
4599,49.5
4600,942
4601,50.24
4602,45
4603,100
4604,2.0144
4605,3.14
4606,78.5
4607,56.52
4608,3/7
4609,5280
4610,75
4611,6280
4612,78.5
4613,62.8
4614,7.5
4615,3.14
4616,0.5
4617,15364.96
4618,240
4619,20
4620,5.024
4621,93.75%
4622,12
4623,400
4624,9
4625,2400
4626,8
4627,28.26
4628,180
4629,300
4630,25.2
4631,540
4632,72.64
4633,49.2
4634,53
4635,18
4636,28
4637,42.58
4638,400
4639,49
4640,62
4641,2.54
4642,9.42
4643,84.94
4644,3600
4645,354
4646,2.5
4647,48
4648,3
4649,70
4650,13.04
4651,20
4652,1600
4653,48.5
4654,1000
4655,0.3
4656,1890
4657,72
4658,27
4659,7.8
4660,48.94
4661,15300
4662,1320
4663,20
4664,4
4665,125.6
4666,480
4667,28.26
4668,14
4669,7850
4670,530
4671,25.12
4672,49.2
4673,75
4674,420
4675,2
4676,490.25
4677,12%
4678,9.35
4679,87.92
4680,42
4681,3/28
4682,20%
4683,8
4684,282.6
4685,36
4686,2
4687,200
4688,900
4689,1/80
4690,2.7
4691,8
4692,73
4693,25.12
4694,20.98
4695,200.96
4696,40
4697,0.936
4698,37.5
4699,314
4700,314
4701,50.24
4702,0.785
4703,4/5
4704,12.5
4705,20
4706,1800
4707,42
4708,409
4709,38
4710,20%
4711,252
4712,37680
4713,1120
4714,87.92
4715,1.2
4716,31.8848
4717,28.26
4718,930
4719,34.58
4720,3/5
4721,562
4722,894
4723,2.05
4724,28.26
4725,18.84
4726,15
4727,20
4728,78.5
4729,75
4730,8
4731,370
4732,1250
4733,36
4734,1200
4735,87.92
4736,140
4737,15
4738,1500
4739,1800
4740,25.12
4741,346.54
4742,30
4743,25.12
4744,729/10
4745,3849.5
4746,18
4747,42
4748,341.288
4749,394.24
4750,210
4751,24
4752,50.24
4753,360
4754,800
4755,4200
4756,31.4
4757,54
4758,2.7
4759,133333/3500
4760,12.56
4761,4.5
4762,3.78
4763,0.002
4764,2020
4765,18
4766,243.36
4767,314
4768,30
4769,50.24
4770,78.5
4771,34.54
4772,12.39
4773,3600
4774,20
4775,56
4776,34.54
4777,28.26
4778,20%
4779,27.0986
4780,20.5485
4781,94.2
4782,20
4783,144
4784,804
4785,78500
4786,600
4787,3
4788,7
4789,0.942
4790,30
4791,47100
4792,785.4
4793,1256
4794,60
4795,30.14
4796,706.5
4797,37.0688
4798,4.5
4799,56.52
4800,78.5
4801,314
4802,5
4803,5
4804,7
4805,502.4
4806,560
4807,942
4808,279.75
4809,2.51536
4810,37.68
4811,3768
4812,125.6
4813,2000
4814,25
4815,216
4816,20%
4817,7/20
4818,40
4819,5000
4820,20
4821,301.44
4822,10.4944
4823,200
4824,104.4
4825,200
4826,2.5
4827,4000
4828,56.52
4829,36
4830,384.5
4831,2826
4832,504
4833,5
4834,452.5
4835,50
4836,23.58
4837,56.52
4838,128.5
4839,28.26
4840,25.12
4841,20
4842,21600
4843,73.8
4844,240.88
4845,300
4846,8
4847,32
4848,696
4849,208
4850,3.2
4851,42
4852,50
4853,353
4854,8/15
4855,40
4856,45
4857,24000
4858,30
4859,1/30
4860,4
4861,78.5
4862,3.52
4863,0.785
4864,2
4865,12.56
4866,15
4867,6
4868,135
4869,42.5
4870,352
4871,4/5
4872,48
4873,75.36
4874,3768
4875,125.6
4876,314
4877,251.2
4878,96000
4879,2/3
4880,28.26
4881,8
4882,40
4883,1/9
4884,8
4885,180
4886,12
4887,4
4888,38
4889,14
4890,3_3/4
4891,50
4892,80
4893,4000
4894,300
4895,6
4896,50
4897,45
4898,6
4899,4
4900,120
4901,30
4902,47
4903,980
4904,40.8544
4905,37.68
4906,20
4907,2.5
4908,20
4909,88
4910,24
4911,87.92
4912,40
4913,4
4914,5
4915,49
4916,39
4917,36
4918,3
4919,30
4920,52
4921,8498
4922,8.4
4923,20/9
4924,10
4925,24
4926,2000
4927,720
4928,360
4929,8
4930,480
4931,45
4932,37.5
4933,0.8
4934,31.5
4935,4.5
4936,48
4937,10
4938,0.8286
4939,2_2/9
4940,25
4941,3/4
4942,9
4943,80
4944,67.5
4945,20/3
4946,5_5/11
4947,282.625
4948,3.5
4949,8
4950,17
4951,45
4952,40
4953,9
4954,576
4955,1/4
4956,48
4957,12
4958,8
4959,50.24
4960,50.24
4961,120
4962,13.7%
4963,12
4964,1.6
4965,150
4966,83
4967,240
4968,52
4969,62
4970,72
4971,72
4972,68
4973,43
4974,28
4975,63
4976,21
4977,18
4978,17
4979,7
4980,56
4981,9
4982,84
4983,56
4984,55
4985,18
4986,16
4987,24
4988,27
4989,12
4990,35
4991,18
4992,4
4993,5
4994,6
4995,28
4996,12
4997,24
4998,90
4999,9
5000,36
5001,27
5002,24
5003,60
5004,78
5005,125
5006,32
5007,33
5008,8
5009,7
5010,47
5011,45
5012,9
5013,5
5014,8
5015,10
5016,5
5017,6
5018,30
5019,8
5020,8
5021,24
5022,47
5023,6
5024,9
5025,57
5026,91
5027,19
5028,24
5029,20
5030,50
5031,46
5032,44
5033,27
5034,17
5035,10
5036,2
5037,11
5038,38
5039,73
5040,8
5041,4
5042,20
5043,31
5044,58
5045,19
5046,3
5047,4
5048,9
5049,22
5050,23
5051,103
5052,11
5053,35
5054,31
5055,91
5056,37
5057,70
5058,56
5059,26
5060,81
5061,8
5062,55
5063,55
5064,5
5065,22
5066,10
5067,70
5068,90
5069,80
5070,3
5071,45
5072,84
5073,24
5074,24
5075,57
5076,36
5077,4
5078,42
5079,21
5080,27
5081,30
5082,35
5083,16
5084,6
5085,46
5086,32
5087,24
5088,42
5089,33
5090,32
5091,16
5092,24
5093,23
5094,8
5095,6
5096,8
5097,16
5098,15
5099,18
5100,8
5101,18
5102,6
5103,15
5104,45
5105,18
5106,33
5107,21
5108,23
5109,30
5110,89
5111,21
5112,18
5113,27
5114,180
5115,25
5116,30
5117,75
5118,301.44
5119,8
5120,9
5121,4800
5122,960
5123,7
5124,3340
5125,44
5126,32
5127,18
5128,140
5129,4.5
5130,4.8
5131,300
5132,259
5133,30
5134,205
5135,31
5136,1.75
5137,12
5138,12
5139,378.4
5140,37.68
5141,3.14
5142,4.75
5143,1809
5144,2.4
5145,4
5146,200
5147,400
5148,376.8
5149,270
5150,2788
5151,63
5152,2000
5153,80
5154,10.86
5155,5360
5156,74.925
5157,25
5158,3000
5159,240
5160,40
5161,270
5162,360
5163,21
5164,8000
5165,12
5166,84
5167,270
5168,40
5169,345.6
5170,246
5171,31.4
5172,0.912
5173,750
5174,30
5175,30
5176,2160
5177,12
5178,5024
5179,2250
5180,40
5181,2
5182,4400
5183,60
5184,45
5185,2.5
5186,2300
5187,2340
5188,140
5189,1150000
5190,3
5191,96
5192,72
5193,12
5194,48
5195,240
5196,89
5197,24
5198,8
5199,0.4
5200,840
5201,0.0672
5202,9
5203,9
5204,81
5205,36.3
5206,5
5207,200
5208,8
5209,3.74
5210,50
5211,32
5212,1700
5213,2250
5214,40
5215,4.875
5216,18
5217,44.14
5218,10.8
5219,28.26
5220,240
5221,16
5222,400
5223,80
5224,4800
5225,36
5226,1000
5227,4.8
5228,36
5229,4500
5230,24.92
5231,20
5232,26.1
5233,60
5234,3360
5235,3600
5236,933.6
5237,15.7
5238,30
5239,27
5240,8
5241,2600
5242,600
5243,25.12
5244,4800
5245,48
5246,15
5247,36
5248,74
5249,7
5250,7
5251,24
5252,160
5253,32
5254,30
5255,85
5256,4.4
5257,8
5258,25
5259,75
5260,39
5261,1300
5262,200
5263,495
5264,0.30
5265,9
5266,7
5267,118.75
5268,2700
5269,15
5270,12
5271,5
5272,6
5273,35
5274,300
5275,72
5276,120
5277,751.64
5278,40%
5279,4560
5280,15
5281,3.2
5282,72
5283,1950
5284,240
5285,1884.92
5286,28.26
5287,3.14
5288,50
5289,30
5290,75
5291,150
5292,30.58
5293,528
5294,40
5295,320
5296,85
5297,30
5298,13.5
5299,1800
5300,39.24
5301,800
5302,140
5303,45
5304,25
5305,728
5306,42
5307,360
5308,340
5309,160
5310,29.05
5311,9.6
5312,9
5313,28
5314,24
5315,80
5316,243
5317,70
5318,160
5319,240
5320,300
5321,112
5322,48
5323,3.94375
5324,153.84
5325,330
5326,50
5327,30
5328,30
5329,20000
5330,2000
5331,24
5332,1
5333,157
5334,33.75
5335,7200
5336,180
5337,140
5338,42
5339,52
5340,1020
5341,2700
5342,50
5343,384
5344,376.8
5345,3847.5
5346,12
5347,300
5348,5
5349,260
5350,1920
5351,2400
5352,246
5353,2800
5354,18
5355,1800
5356,35
5357,480
5358,8
5359,4000
5360,3.14
5361,4.5
5362,30
5363,298
5364,10
5365,75
5366,4000
5367,30
5368,3768
5369,0.3768592
5370,396
5371,5.5
5372,80000
5373,3960
5374,24
5375,25
5376,60
5377,20
5378,2790
5379,200
5380,0.48
5381,45
5382,250
5383,17400
5384,210
5385,400
5386,8
5387,1280
5388,2
5389,14
5390,8
5391,8
5392,2.7
5393,49
5394,8
5395,15.4
5396,300
5397,25000
5398,142
5399,35
5400,245
5401,2000
5402,9
5403,270
5404,21
5405,34.56
5406,176
5407,800
5408,210
5409,45
5410,30
5411,80
5412,17.6
5413,89
5414,392.625
5415,1732.65
5416,52
5417,704
5418,480
5419,2400
5420,2400
5421,2.5
5422,2.5
5423,12
5424,2.352
5425,1.5
5426,300
5427,720
5428,50
5429,750
5430,56
5431,36
5432,84000
5433,870
5434,20000
5435,3600
5436,456
5437,1.5
5438,2400
5439,30
5440,512
5441,18
5442,75
5443,36
5444,56
5445,0.72
5446,38
5447,2.9
5448,2.7
5449,0.4
5450,0.4
5451,78
5452,5400
5453,130
5454,256
5455,24
5456,10
5457,3576
5458,3140
5459,100
5460,205
5461,6.28
5462,9.6
5463,273
5464,5
5465,320
5466,20
5467,3
5468,1.85
5469,30.75
5470,25
5471,3500
5472,3.78
5473,0.18
5474,20
5475,19
5476,3.6
5477,24
5478,300
5479,18000
5480,7200
5481,7
5482,4.5
5483,1.25
5484,1.25
5485,7.5
5486,800
5487,150
5488,120
5489,6
5490,59
5491,30
5492,7
5493,53
5494,1900
5495,42
5496,100
5497,6
5498,1750
5499,37.5
5500,3.5
5501,76
5502,5.25
5503,944
5504,3800
5505,28
5506,2.5
5507,4500
5508,395
5509,280
5510,9
5511,800
5512,32
5513,7
5514,100
5515,35
5516,5000
5517,24000
5518,300
5519,5350
5520,768
5521,324
5522,37.5
5523,1920
5524,45
5525,28
5526,126
5527,120
5528,29.3
5529,2070
5530,75
5531,2000
5532,5437.5
5533,48
5534,3
5535,2.5
5536,5400
5537,549.6
5538,1.26
5539,80
5540,95
5541,54
5542,81
5543,390
5544,5
5545,15
5546,29.4
5547,59
5548,4.5
5549,30
5550,2700
5551,640
5552,480
5553,15
5554,10
5555,6600
5556,90
5557,75
5558,2.5
5559,20
5560,8
5561,270
5562,14400
5563,420
5564,15
5565,8
5566,9
5567,30
5568,8
5569,40
5570,480
5571,34
5572,188
5573,18000
5574,166.7
5575,9
5576,4
5577,12.56
5578,3.125
5579,140
5580,40.8
5581,16
5582,140.2
5583,280
5584,128
5585,15
5586,70
5587,380
5588,330
5589,40
5590,3.2
5591,2880
5592,200
5593,900
5594,375
5595,720
5596,2790
5597,51
5598,70
5599,2700
5600,584
5601,3750
5602,4980
5603,3.4375
5604,53.6
5605,380
5606,3080
5607,8
5608,132
5609,2800
5610,45.6
5611,30
5612,144
5613,3.7875
5614,38
5615,94.2
5616,94.2
5617,3920
5618,4.5
5619,97.5
5620,400
5621,3768
5622,47.1
5623,5
5624,60
5625,20
5626,81000
5627,200
5628,900
5629,304
5630,250
5631,1209
5632,42
5633,2700
5634,250
5635,346.54
5636,2700
5637,4287
5638,30
5639,40
5640,20.4
5641,2912
5642,1350
5643,400
5644,700/9
5645,150
5646,6
5647,28.26
5648,78
5649,150
5650,72
5651,28.26
5652,520
5653,400
5654,2.5
5655,45
5656,200
5657,5.5
5658,58.75
5659,4
5660,180
5661,32
5662,80
5663,4.8
5664,20
5665,400
5666,30
5667,150
5668,30
5669,3
5670,480
5671,2.04
5672,3000
5673,60
5674,960
5675,34.54
5676,937.5
5677,19
5678,33
5679,1500
5680,500
5681,3780
5682,3140
5683,30
5684,600
5685,0.48
5686,31.25
5687,605
5688,395.2
5689,2250
5690,45
5691,1200
5692,26
5693,496
5694,960
5695,480
5696,2250
5697,800
5698,24
5699,72
5700,8.052
5701,40
5702,50
5703,20
5704,210
5705,80
5706,70.5
5707,2400
5708,14
5709,12930
5710,2.022
5711,36
5712,32
5713,800
5714,11.9
5715,47600
5716,128
5717,8
5718,256
5719,9
5720,945
5721,37.68
5722,40.88
5723,5
5724,1380
5725,105
5726,7.2
5727,300
5728,9
5729,16
5730,9
5731,1400
5732,2400
5733,192.6
5734,5722
5735,4.5
5736,282.6
5737,400
5738,3430
5739,450000
5740,8
5741,6.4
5742,10
5743,27
5744,579
5745,900
5746,480
5747,14
5748,20000
5749,50.24
5750,696
5751,352
5752,360
5753,275
5754,232
5755,180
5756,142
5757,23
5758,150
5759,48
5760,20
5761,7500
5762,150
5763,93
5764,42
5765,16
5766,2040
5767,28.8
5768,480
5769,270
5770,25
5771,80
5772,225
5773,240
5774,24
5775,2400
5776,40
5777,180
5778,30
5779,10
5780,70
5781,8
5782,96
5783,292
5784,30
5785,4500
5786,480
5787,40
5788,123500
5789,200
5790,200
5791,84
5792,4960
5793,9080
5794,200
5795,145.6
5796,420
5797,6
5798,39.56
5799,7.2
5800,252
5801,36
5802,175
5803,74.4
5804,3
5805,2.4
5806,40
5807,1000
5808,60
5809,80
5810,12
5811,4.8
5812,18
5813,1900
5814,205
5815,20
5816,210
5817,880
5818,4.2
5819,45
5820,2.7
5821,36
5822,3
5823,25
5824,42
5825,50
5826,20000
5827,15.3
5828,81
5829,24525
5830,2540
5831,2800
5832,36000
5833,6
5834,500
5835,1500
5836,62.8
5837,3.6
5838,78.5
5839,37.68
5840,10
5841,12
5842,48
5843,0.5
5844,80
5845,53
5846,200
5847,3600
5848,137.5
5849,57.04
5850,9
5851,97.2
5852,19.5
5853,8640
5854,8
5855,9500
5856,12000
5857,4000
5858,480
5859,20
5860,5
5861,3.2
5862,108.9
5863,984
5864,20
5865,1.138
5866,300
5867,9
5868,15/4
5869,3.67
5870,18
5871,9
5872,300
5873,0.4
5874,70
5875,320
5876,16
5877,72
5878,0.5
5879,90
5880,48
5881,411
5882,39
5883,499
5884,24
5885,100
5886,13.75
5887,9
5888,4000
5889,48
5890,38
5891,90
5892,48
5893,35.4
5894,2180
5895,24
5896,750
5897,0.9
5898,5484
5899,5
5900,0.3
5901,5
5902,4.8
5903,14.5
5904,13800
5905,260
5906,96
5907,9
5908,21
5909,14
5910,65
5911,9
5912,16
5913,27
5914,25
5915,10
5916,3
5917,7
5918,50
5919,60
5920,46
5921,8
5922,8
5923,18
5924,31
5925,42
5926,46
5927,10
5928,604
5929,921
5930,6
5931,800
5932,4
5933,72
5934,42
5935,2
5936,33
5937,8
5938,6
5939,35
5940,12
5941,20
5942,10
5943,15
5944,15
5945,10
5946,10
5947,36
5948,44
5949,56
5950,4
5951,4
5952,12
5953,13
5954,9
5955,42
5956,21
5957,32
5958,70
5959,44
5960,20
5961,48
5962,18
5963,36
5964,21
5965,24
5966,16
5967,53
5968,31
5969,3
5970,60
5971,53
5972,4
5973,3
5974,5
5975,6
5976,28
5977,12
5978,2
5979,12
5980,3
5981,42
5982,9
5983,4
5984,22
5985,75
5986,9
5987,34
5988,17
5989,27
5990,10
5991,4
5992,10
5993,18
5994,24
5995,32
5996,8
5997,4
5998,8
5999,5
6000,8
6001,21
6002,5
6003,6
6004,34
6005,47
6006,6
6007,9
6008,57
6009,91
6010,19
6011,24
6012,20
6013,50
6014,46
6015,44
6016,27
6017,8
6018,4
6019,20
6020,31
6021,58
6022,19
6023,3
6024,4
6025,9
6026,22
6027,23
6028,103
6029,11
6030,35
6031,31
6032,91
6033,37
6034,70
6035,56
6036,26
6037,81
6038,55
6039,5
6040,97
6041,42
6042,84
6043,16
6044,24
6045,57
6046,36
6047,4
6048,76
6049,21
6050,20
6051,24
6052,31
6053,27
6054,35
6055,88
6056,37
6057,7
6058,16
6059,7
6060,57
6061,81
6062,29
6063,70
6064,8
6065,18
6066,23
6067,27
6068,27
6069,36
6070,29
6071,9
6072,24
6073,80
6074,48
6075,20
6076,4
6077,20
6078,3
6079,25
6080,7
6081,6
6082,18
6083,53
6084,31
6085,27
6086,45
6087,19
6088,34
6089,31
6090,32
6091,11
6092,84
6093,40
6094,44
6095,30
6096,20
6097,35
6098,45
6099,25
6100,8
6101,8
6102,14
6103,27
6104,10
6105,72
6106,34
6107,9
6108,6
6109,3
6110,18
6111,7
6112,23
6113,10
6114,5
6115,21
6116,27
6117,30
6118,35
6119,16
6120,6
6121,46
6122,32
6123,42
6124,33
6125,32
6126,16
6127,24
6128,23
6129,8
6130,6
6131,8
6132,16
6133,15
6134,18
6135,8
6136,18
6137,6
6138,15
6139,45
6140,18
6141,30
6142,35
6143,34
6144,27
6145,21
6146,18
6147,27
6148,180
6149,2
6150,2
6151,80
6152,78
6153,26
6154,240
6155,25
6156,270
6157,139
6158,548
6159,498
6160,4
6161,40
6162,150
6163,5
6164,0.8
6165,2
6166,73
6167,1809
6168,500
6169,720
6170,1826
6171,70
6172,288
6173,1800
6174,75
6175,180
6176,2450
6177,2400
6178,3.6
6179,7
6180,37
6181,27
6182,88
6183,88
6184,550
6185,405
6186,73
6187,5320
6188,540
6189,447
6190,273
6191,125
6192,450
6193,400
6194,45
6195,1760
6196,240
6197,3800
6198,1632
6199,36
6200,48
6201,12
6202,5
6203,36
6204,45
6205,30
6206,52
6207,54
6208,40
6209,17
6210,78
6211,92
6212,354
6213,760
6214,142
6215,270
6216,189
6217,25
6218,32
6219,5
6220,497
6221,896
6222,129
6223,39
6224,28
6225,8
6226,272
6227,7
6228,9
6229,72
6230,315
6231,369
6232,3
6233,220
6234,14
6235,2200
6236,78
6237,96
6238,121
6239,4
6240,260
6241,53
6242,210
6243,5
6244,6
6245,435
6246,270
6247,92
6248,385
6249,156
6250,5
6251,7
6252,148
6253,200
6254,36
6255,130
6256,78
6257,400
6258,4
6259,225
6260,11
6261,71
6262,1400
6263,744
6264,95
6265,45
6266,185
6267,7
6268,21
6269,540
6270,4000
6271,200
6272,400
6273,77
6274,47.5
6275,800
6276,2.5
6277,84
6278,270
6279,5
6280,9
6281,304
6282,732
6283,5
6284,19.60
6285,1.24
6286,3.71
6287,22
6288,210
6289,32
6290,32
6291,30
6292,23.68
6293,27.10
6294,86.6
6295,90
6296,1440
6297,75
6298,71.74
6299,58.8
6300,24
6301,12
6302,300
6303,270
6304,64
6305,165
6306,22195
6307,315
6308,6
6309,76
6310,155
6311,132
6312,37.5
6313,19
6314,90
6315,45
6316,15
6317,45
6318,4100
6319,50
6320,2.5
6321,6
6322,4200
6323,246
6324,3
6325,84
6326,3
6327,875
6328,130
6329,300
6330,6120
6331,8000
6332,780
6333,9330
6334,4800
6335,696
6336,125
6337,800
6338,9
6339,40
6340,176
6341,56
6342,900
6343,180
6344,2280
6345,4
6346,6
6347,27
6348,48
6349,2
6350,20
6351,3700
6352,13
6353,7.5
6354,500
6355,9
6356,12
6357,944
6358,12
6359,15
6360,190
6361,128
6362,19260
6363,30
6364,12
6365,27/10
6366,3.2
6367,2.5
6368,2780
6369,702
6370,35
6371,28
6372,45
6373,3/5
6374,8
6375,408
6376,2076
6377,1584
6378,3.6
6379,2.5
6380,14
6381,24
6382,12.5
6383,2000
6384,2
6385,120
6386,78
6387,6000
6388,33.5
6389,4.8
6390,45
6391,0.6
6392,9
6393,10.75
6394,120
6395,35
6396,5600
6397,5.2
6398,3.9
6399,1428
6400,176
6401,2000
6402,35
6403,12
6404,150
6405,400
6406,750
6407,886
6408,700
6409,20000
6410,18000
6411,0.7
6412,1400
6413,350
6414,100
6415,203.58
6416,140.1
6417,42.4
6418,1750
6419,15
6420,540
6421,3576
6422,7200
6423,30
6424,42
6425,9
6426,2250
6427,120
6428,5
6429,26
6430,13.5
6431,8.2
6432,56
6433,540
6434,130
6435,90
6436,180
6437,405
6438,126
6439,19
6440,1200
6441,没有
6442,8
6443,50
6444,40
6445,86.1
6446,9.48
6447,137.8
6448,9
6449,70
6450,172.32
6451,32
6452,38
6453,40
6454,72.5
6455,77.6
6456,840
6457,1.875
6458,300
6459,648
6460,1.44
6461,5
6462,40
6463,105
6464,2250
6465,2000
6466,14
6467,6
6468,21
6469,27
6470,20
6471,20
6472,20
6473,9
6474,7
6475,48/5
6476,27
6477,8
6478,4
6479,24
6480,42
6481,23
6482,48
6483,10995
6484,55
6485,300
6486,8
6487,36
6488,480
6489,4
6490,4
6491,80
6492,240
6493,90
6494,8
6495,62.8
6496,178
6497,17536.94
6498,24.7
6499,23.2
6500,46
6501,500/9
6502,4.5
6503,4.5
6504,24
6505,600
6506,149
6507,180
6508,90
6509,16
6510,35
6511,120
6512,64
6513,295
6514,368
6515,5
6516,238
6517,156
6518,9.35
6519,4000
6520,25
6521,1760
6522,5
6523,1.49
6524,4
6525,5
6526,384
6527,13.5
6528,74
6529,82
6530,1075
6531,980
6532,32
6533,6
6534,12600
6535,90
6536,178
6537,90
6538,170
6539,38
6540,180
6541,50
6542,1800
6543,222
6544,5
6545,27520
6546,2000
6547,250
6548,179
6549,375
6550,43
6551,3720
6552,206
6553,9
6554,4
6555,648
6556,133
6557,705
6558,87
6559,4
6560,20
6561,720
6562,1.25
6563,15
6564,1048
6565,35
6566,54
6567,176
6568,22575
6569,600
6570,80
6571,45
6572,4200
6573,900
6574,12.5
6575,1906
6576,1100
6577,57.6
6578,4410
6579,9
6580,36
6581,300
6582,85
6583,2700
6584,4
6585,20
6586,576
6587,38
6588,124.775
6589,8
6590,1344
6591,1330
6592,200
6593,120
6594,900
6595,75
6596,96
6597,6.7
6598,204
6599,2730
6600,2560
6601,2250
6602,42
6603,368
6604,38
6605,209
6606,18750
6607,120
6608,18.5
6609,15
6610,42
6611,248
6612,42
6613,24
6614,345.6
6615,1050
6616,624
6617,651
6618,42
6619,378
6620,9
6621,10.5
6622,6
6623,576
6624,1320
6625,6
6626,10960
6627,451
6628,600
6629,60
6630,792
6631,12.8
6632,40
6633,70.4
6634,100
6635,5.85
6636,45
6637,40/9
6638,24
6639,24800
6640,50
6641,37.5
6642,1400
6643,30
6644,552
6645,2
6646,9000
6647,6960
6648,4715
6649,33
6650,420
6651,352
6652,25
6653,804
6654,91
6655,30.1
6656,25
6657,14
6658,165
6659,540
6660,30
6661,266
6662,7
6663,9
6664,238
6665,8
6666,390
6667,944
6668,90
6669,27
6670,1050
6671,1872
6672,90
6673,50
6674,138
6675,204
6676,26
6677,328
6678,3600
6679,840
6680,45
6681,1680
6682,532
6683,22
6684,1206
6685,120
6686,525
6687,4240
6688,343
6689,726
6690,7.5
6691,52
6692,2.34
6693,560
6694,240
6695,56
6696,4
6697,2820
6698,960
6699,10.3
6700,49
6701,600
6702,2800
6703,13
6704,4840
6705,30
6706,42
6707,25
6708,17.28
6709,47.68
6710,27600
6711,10
6712,57
6713,28
6714,9
6715,7
6716,16
6717,17
6718,23
6719,23
6720,85
6721,3216
6722,900
6723,300
6724,248
6725,1360
6726,80
6727,5
6728,27
6729,0.6
6730,21
6731,33
6732,8
6733,12
6734,19
6735,44
6736,52
6737,79
6738,38
6739,106
6740,10
6741,45
6742,3
6743,20
6744,12
6745,15
6746,2
6747,3
6748,30
6749,22
6750,21
6751,4
6752,39
6753,35
6754,36
6755,80
6756,37
6757,8
6758,33
6759,17
6760,35
6761,45
6762,6
6763,20
6764,4
6765,38
6766,4
6767,70
6768,10
6769,14
6770,16
6771,14
6772,12
6773,60
6774,20
6775,3
6776,9/2
6777,27/2
6778,0.3
6779,17
6780,9
6781,17
6782,45
6783,43
6784,9
6785,54
6786,40%
6787,50
6788,8
6789,38
6790,87
6791,6
6792,18
6793,79
6794,54
6795,10
6796,38
6797,39
6798,35
6799,45
6800,47
6801,38
6802,270
6803,22
6804,9
6805,98
6806,40
6807,100
6808,10
6809,27
6810,37
6811,46
6812,40
6813,40
6814,39
6815,47
6816,9
6817,25
6818,57
6819,91
6820,37
6821,11
6822,31
6823,23
6824,13
6825,21
6826,30
6827,38
6828,12
6829,28
6830,33
6831,100
6832,57
6833,14
6834,34
6835,32
6836,46
6837,20
6838,30
6839,12
6840,5
6841,35
6842,7
6843,4
6844,13
6845,6
6846,8
6847,18
6848,4
6849,18
6850,14
6851,12
6852,10
6853,8
6854,24000
6855,27
6856,9
6857,8
6858,39.528
6859,178
6860,1220
6861,60
6862,300
6863,5490
6864,480
6865,8.75
6866,20
6867,94%
6868,9456
6869,440
6870,192
6871,336
6872,1150
6873,1500
6874,3600
6875,144
6876,15
6877,5
6878,260
6879,30
6880,120
6881,30000
6882,108
6883,15
6884,180
6885,200
6886,220
6887,800
6888,48
6889,9
6890,49
6891,54
6892,49
6893,1875
6894,1.8
6895,230
6896,512
6897,560
6898,4780
6899,450
6900,36
6901,0.8
6902,4710
6903,87
6904,2.5
6905,96
6906,9
6907,45
6908,119
6909,625
6910,47
6911,300
6912,50
6913,96%
6914,94%
6915,0.2
6916,21.9854
6917,300
6918,64.32
6919,3240
6920,84
6921,192
6922,0.3
6923,27
6924,3025
6925,24
6926,20
6927,7500
6928,12.56
6929,1080
6930,14380
6931,9.4
6932,70
6933,40
6934,1.9
6935,8
6936,9
6937,36
6938,11
6939,4
6940,20%
6941,200
6942,20
6943,115%
6944,91
6945,20
6946,30
6947,4
6948,55
6949,25
6950,50
6951,31.4
6952,360
6953,54
6954,5.2
6955,75
6956,20
6957,3.6
6958,7
6959,288.56
6960,125
6961,84
6962,7500
6963,240
6964,5
6965,300
6966,32
6967,200.96
6968,20
6969,24
6970,20
6971,20
6972,7.5
6973,8
6974,32
6975,150
6976,13
6977,11
6978,96
6979,160
6980,28
6981,20%
6982,3675
6983,6000
6984,3
6985,30
6986,384
6987,132
6988,250
6989,35
6990,140
6991,1600
6992,96
6993,18
6994,270
6995,1700
6996,7000
6997,4.32
6998,30000
6999,980
7000,8
7001,0.80
7002,1.28
7003,20
7004,512
7005,12
7006,225
7007,290
7008,18.8%
7009,9.6
7010,42
7011,28.26
7012,120
7013,240
7014,28
7015,4320
7016,150
7017,3.54
7018,840
7019,1620
7020,60
7021,235.58
7022,75
7023,84
7024,5
7025,200
7026,180
7027,2.534
7028,40%
7029,5760
7030,90
7031,30
7032,2880
7033,40
7034,25%
7035,80
7036,48/5
7037,11.5%
7038,512
7039,707
7040,2_2/9
7041,780
7042,740
7043,390
7044,75
7045,8
7046,310
7047,96
7048,50
7049,2/5
7050,15.755
7051,1476
7052,18
7053,4
7054,16
7055,240
7056,28.26
7057,25
7058,1.92
7059,280
7060,94%
7061,24
7062,24.7
7063,42.4
7064,30.5
7065,3.7
7066,2400
7067,2.1
7068,12.5
7069,49%
7070,9.42
7071,4
7072,300
7073,5
7074,17.5%
7075,20
7076,1380
7077,50
7078,2450
7079,1.5
7080,27.6
7081,100
7082,60
7083,1010
7084,24/5
7085,4
7086,188
7087,5.7
7088,12
7089,37
7090,96
7091,90
7092,12
7093,90
7094,40
7095,240
7096,10
7097,40
7098,78.5
7099,0.2
7100,42
7101,3200
7102,0.0984
7103,8
7104,2.5
7105,45
7106,384.5
7107,2500
7108,9
7109,75
7110,1/3
7111,25
7112,34.54
7113,30
7114,91/57
7115,90
7116,960
7117,251.2
7118,1884
7119,600
7120,5.6
7121,245.9
7122,270
7123,84
7124,32
7125,9
7126,540
7127,87.5
7128,160
7129,95
7130,3.14
7131,2.5
7132,32
7133,400
7134,200
7135,25
7136,240
7137,80
7138,100
7139,144
7140,2.72
7141,0.64
7142,400
7143,20%
7144,3.5
7145,5
7146,87.5%
7147,20%
7148,9
7149,20
7150,6_2/3
7151,5
7152,480
7153,15
7154,40
7155,2800
7156,220
7157,108
7158,125.9
7159,9
7160,27
7161,4750
7162,19
7163,9
7164,128
7165,0.2
7166,576
7167,384
7168,115
7169,24
7170,1
7171,9.2
7172,160
7173,40%
7174,20%
7175,7824
7176,9
7177,1000
7178,200
7179,292
7180,37.68
7181,532.5
7182,1400
7183,3330
7184,2.5
7185,77
7186,5
7187,768
7188,8
7189,38
7190,99
7191,48
7192,225
7193,92328
7194,6160
7195,5.7
7196,1560
7197,144
7198,17
7199,48
7200,24
7201,27
7202,5940
7203,108
7204,2
7205,58.8
7206,280
7207,9
7208,8000
7209,358
7210,306
7211,0.78
7212,75
7213,9.2
7214,4000
7215,31.98
7216,796
7217,45.36
7218,20.0944
7219,781
7220,13
7221,2184
7222,27
7223,30%
7224,300
7225,97.5
7226,4.8
7227,19
7228,32
7229,40
7230,20%
7231,540
7232,30000
7233,84000
7234,3.75
7235,105
7236,24.9
7237,100
7238,47.5%
7239,10
7240,6
7241,150
7242,24
7243,3000
7244,7
7245,610
7246,73.33
7247,9.6
7248,168
7249,2000
7250,3000
7251,5.4
7252,72
7253,276
7254,3000
7255,79.4
7256,10
7257,420
7258,1200
7259,180
7260,40
7261,36
7262,36000
7263,38
7264,288
7265,250
7266,72
7267,800
7268,3.2
7269,8400/55
7270,12.56
7271,78.5
7272,12
7273,270
7274,20
7275,20
7276,75
7277,375
7278,600
7279,4000
7280,40
7281,120
7282,240
7283,9.4%
7284,30
7285,30
7286,15.68
7287,7
7288,5
7289,180
7290,90
7291,1000
7292,8
7293,135
7294,8000
7295,294
7296,240
7297,150
7298,272
7299,59.4
7300,45
7301,9/13
7302,450
7303,180
7304,20000
7305,20
7306,360
7307,480
7308,2300
7309,3.04
7310,700
7311,2.5
7312,62
7313,240
7314,901.35
7315,188.4
7316,25
7317,251.2
7318,5988
7319,452.08
7320,39
7321,120
7322,30
7323,500
7324,93.3
7325,3.5
7326,2800
7327,0.2
7328,480
7329,16
7330,12
7331,240
7332,0.3785
7333,750
7334,3000
7335,181
7336,2460
7337,35.36
7338,9_3/7
7339,1285
7340,45.775
7341,50
7342,22
7343,2.5
7344,216
7345,450
7346,489.7
7347,4000
7348,31.4
7349,240
7350,360
7351,22
7352,90
7353,90
7354,800
7355,576
7356,39.25
7357,240
7358,9
7359,295
7360,12
7361,940
7362,730
7363,6
7364,120
7365,51
7366,4000
7367,4000
7368,4000
7369,72
7370,12.8
7371,3
7372,720
7373,42
7374,28
7375,60/17
7376,1/4
7377,53.904
7378,48
7379,8000.64
7380,2800
7381,2000
7382,3000
7383,30
7384,5
7385,384.576
7386,200.96
7387,2250
7388,254.32
7389,14.25
7390,6
7391,0.06
7392,20
7393,3140
7394,240
7395,440
7396,1420
7397,80
7398,18
7399,54
7400,64
7401,5.25
7402,4.5
7403,24
7404,5
7405,3900
7406,5.625
7407,19
7408,4.1632
7409,300
7410,98
7411,4
7412,80
7413,150
7414,60
7415,4
7416,1.5
7417,150
7418,195
7419,2.5
7420,74
7421,4.9
7422,9
7423,54
7424,179
7425,400
7426,54
7427,18
7428,80
7429,3600
7430,94%
7431,480
7432,32
7433,4
7434,9.6
7435,270
7436,72
7437,17.85
7438,25
7439,6_2/3
7440,7200
7441,4.5
7442,450
7443,0.072
7444,16.67
7445,0.5
7446,18
7447,180
7448,9600
7449,7500
7450,12.56
7451,40
7452,8
7453,150
7454,5
7455,52
7456,60%
7457,30
7458,3.24
7459,5.25
7460,525
7461,3600
7462,64
7463,3056
7464,12.5
7465,270
7466,600
7467,480
7468,12500
7469,20
7470,314
7471,3.14
7472,40
7473,0.2
7474,153
7475,9
7476,420
7477,4
7478,55
7479,5.12
7480,31
7481,48
7482,250
7483,480
7484,8400
7485,180
7486,436
7487,27
7488,8
7489,3840
7490,15
7491,3177
7492,52
7493,80
7494,90
7495,24
7496,9
7497,450
7498,3.3
7499,45
7500,90.4895
7501,3.5
7502,48.576
7503,3
7504,2700
7505,233
7506,28
7507,15600
7508,25
7509,230
7510,3_2/3
7511,4980
7512,2850
7513,12.5
7514,132
7515,750
7516,69
7517,235
7518,3.75
7519,2.88
7520,1450
7521,460
7522,942
7523,16
7524,744
7525,288
7526,4760
7527,675000
7528,5
7529,5
7530,60
7531,75
7532,12
7533,480
7534,2240
7535,479.232
7536,280
7537,40
7538,40
7539,7.8
7540,56
7541,18.5
7542,1824
7543,30
7544,75
7545,251.2
7546,28
7547,34.54
7548,675
7549,47100
7550,75
7551,753.6
7552,20
7553,70
7554,19
7555,840
7556,30
7557,18000
7558,48
7559,9
7560,30
7561,9
7562,200
7563,84
7564,40
7565,432
7566,93
7567,8.75
7568,7800
7569,780
7570,14
7571,9
7572,25.72
7573,16
7574,7200
7575,0.5
7576,4
7577,87.92
7578,40.85
7579,2/3
7580,200
7581,48
7582,31.4
7583,270
7584,15000
7585,90000
7586,3.75
7587,40
7588,40
7589,182
7590,250
7591,20
7592,20
7593,5
7594,250
7595,7560
7596,97
7597,101
7598,81
7599,45
7600,15
7601,48
7602,785.2
7603,24
7604,10
7605,160
7606,512
7607,1250
7608,80
7609,35
7610,80
7611,7.2
7612,38
7613,60
7614,2.56
7615,1.44
7616,2
7617,8
7618,18
7619,30
7620,24
7621,12
7622,45
7623,9
7624,0.38
7625,81
7626,512
7627,57.5
7628,36.55
7629,0.4
7630,6.06
7631,3.8
7632,27
7633,240
7634,90
7635,85%
7636,800
7637,14.5
7638,230
7639,48
7640,2.736
7641,0.8
7642,7/8
7643,9
7644,20
7645,19
7646,72/100
7647,18
7648,1/2
7649,1/7
7650,1120
7651,2700
7652,0.003
7653,2.4
7654,36
7655,2400
7656,9/20
7657,64
7658,20
7659,9.64
7660,1440
7661,31.8
7662,7/5
7663,3/8
7664,2.5
7665,2/5
7666,1/6
7667,4250
7668,9
7669,90
7670,23
7671,34
7672,18
7673,8
7674,12
7675,505
7676,5
7677,2624
7678,2_2/9
7679,16.2
7680,16.2
7681,3968
7682,6000
7683,7
7684,90
7685,50
7686,800
7687,248.75
7688,9/35
7689,28
7690,1800
7691,40
7692,8280
7693,25
7694,3
7695,5340
7696,9_4/5
7697,30
7698,4
7699,26
7700,8
7701,52
7702,7
7703,9.5
7704,13.35
7705,9.4
7706,3045
7707,280
7708,14
7709,120
7710,72
7711,7/15
7712,30/7
7713,11/24
7714,3
7715,42
7716,42
7717,60.94
7718,3/8
7719,40
7720,13
7721,43.84
7722,87.5
7723,60
7724,1350
7725,7
7726,2/5
7727,2.4
7728,222
7729,7
7730,140
7731,882
7732,7.5
7733,0.3
7734,200
7735,315
7736,14.5
7737,6
7738,75
7739,90
7740,88
7741,180
7742,36
7743,850
7744,800
7745,180
7746,40
7747,30
7748,204
7749,47
7750,3.5
7751,700
7752,1.8
7753,840
7754,0.5
7755,3.75
7756,30
7757,480
7758,120
7759,2/5
7760,5
7761,13.4
7762,400
7763,27
7764,4
7765,6_2/3
7766,6
7767,30800
7768,13
7769,84
7770,138
7771,2865
7772,7/20
7773,400
7774,48
7775,470
7776,1380
7777,50
7778,20/9
7779,600
7780,111/15
7781,900
7782,30
7783,42
7784,220
7785,11
7786,19
7787,360
7788,180
7789,15000
7790,448.75
7791,26
7792,170
7793,3/7
7794,9
7795,15
7796,16
7797,2/10
7798,1260
7799,3600
7800,420
7801,70
7802,7000
7803,3/8
7804,15
7805,36
7806,50
7807,139
7808,205
7809,20
7810,3.2
7811,128
7812,0.5
7813,300
7814,8
7815,30
7816,1/5
7817,15
7818,240
7819,2550
7820,50
7821,9/10
7822,5426
7823,954
7824,0.1
7825,39
7826,40%
7827,7/15
7828,800
7829,45
7830,320
7831,630
7832,27
7833,25
7834,9.3
7835,35
7836,7/24
7837,7
7838,600
7839,20
7840,94
7841,2/15
7842,4
7843,27
7844,225
7845,4.5
7846,7.8
7847,135
7848,40
7849,320
7850,够
7851,3/4
7852,570
7853,7
7854,16
7855,5/8
7856,4
7857,2.35
7858,72
7859,360
7860,318
7861,20/9
7862,248
7863,3
7864,18.8
7865,7
7866,408
7867,18
7868,4
7869,3
7870,260
7871,3/4
7872,20
7873,12.6
7874,28
7875,3/5
7876,4
7877,7
7878,300
7879,12
7880,1/8
7881,150
7882,62.5
7883,7/10
7884,1/5
7885,3/5
7886,96
7887,11/18
7888,48
7889,36
7890,8
7891,2.25
7892,3_3/7
7893,900
7894,218
7895,91
7896,81572
7897,27/5
7898,300
7899,8
7900,100
7901,10
7902,5
7903,20
7904,5.42
7905,18
7906,624
7907,150
7908,2.4
7909,1/2
7910,8
7911,2.5
7912,8
7913,754.4
7914,2130
7915,1/16
7916,10
7917,96
7918,1/5
7919,864
7920,9/20
7921,0.256
7922,1/2
7923,2/5
7924,7
7925,216
7926,150
7927,360
7928,2
7929,960
7930,25
7931,80
7932,4/5
7933,20
7934,89
7935,5/8
7936,2/5
7937,2/5
7938,1000000
7939,8
7940,7
7941,13
7942,7/12
7943,7.5
7944,300
7945,42
7946,4.2
7947,16
7948,40
7949,35
7950,240
7951,240
7952,45
7953,8.5
7954,127
7955,86
7956,60
7957,3640
7958,4.5
7959,138
7960,3/10
7961,15
7962,200
7963,200
7964,7200
7965,6
7966,10
7967,180
7968,306
7969,49
7970,90
7971,4.8
7972,592
7973,100
7974,6
7975,280
7976,125
7977,50
7978,7
7979,4
7980,32
7981,560
7982,20
7983,800
7984,35
7985,70
7986,8
7987,187.5
7988,420
7989,14400
7990,504
7991,72
7992,7
7993,1200
7994,193
7995,4
7996,180
7997,1960
7998,4/7
7999,42
