0,3680
1,73
2,11
3,4/7
4,50
5,1290
6,600
7,4955
8,8.8
9,3
10,67
11,1050
12,80
13,56
14,36
15,8188
16,16
17,23.9
18,322.5
19,10
20,12
21,5
22,100
23,68
24,0
25,6
26,15
27,48
28,1.884
29,1950
30,21.6
31,80
32,9
33,720
34,33
35,19/20
36,251
37,5
38,14/15
39,48
40,400
41,24
42,83
43,500
44,4
45,16.16
46,95
47,288
48,40
49,630
50,656
51,9
52,7600
53,280
54,800
55,120
56,142
57,4875
58,204
59,3
60,13
61,8
62,1300
63,738
64,1176
65,705.6
66,13198.8
67,400
68,576
69,765
70,10
71,74.4
72,7200
73,7/8
74,200
75,192
76,40
77,13/20
78,24
79,194
80,-3.3
81,66
82,8
83,392
84,260
85,25%
86,14
87,13
88,402
89,374
90,25.92
91,980
92,576
93,1735
94,1536
95,8635
96,4
97,16
98,3
99,260
100,2288
101,400
102,3486
103,14
104,5
105,20
106,5%
107,20427.5
108,10.9
109,6
110,3/10
111,1200
112,560
113,130
114,17
115,160
116,5055
117,623
118,192
119,124
120,1.22
121,13
122,250
123,69
124,2000
125,50%
126,360
127,3
128,124
129,770
130,7/9
131,6089
132,10
133,9
134,11200
135,8
136,595
137,50
138,24
139,481
140,80
141,373
142,96
143,15
144,8126.72
145,356
146,18_6/7
147,8400
148,4800
149,8
150,2/9
151,446
152,20/7
153,490
154,8000
155,三分之一
156,1.25
157,600
158,6
159,580
160,30
161,5
162,5
163,6
164,7
165,1350
166,336
167,750
168,10
169,312
170,10/3
171,7
172,280
173,144
174,11/35
175,14
176,44
177,9
178,32
179,200/17
180,20
181,113.04
182,3
183,27
184,9/20
185,650
186,5000
187,10
188,312
189,13.75
190,300
191,122.46
192,10495
193,880
194,12400
195,1372
196,704
197,177.1064
198,450
199,272
200,450
201,114
202,18
203,7/20
204,500
205,40
206,13/18
207,6
208,40
209,643.5
210,6
211,65.55
212,3111
213,1385.1
214,6
215,612500
216,184
217,3.5
218,63024
219,256
220,5
221,333
222,20
223,8
224,100
225,1872
226,32
227,9
228,6/7
229,80
230,190
231,293
232,3575
233,207
234,684
235,60
236,691
237,495
238,1/18
239,205
240,816
241,231
242,5/2
243,5375
244,432
245,3/5
246,25
247,19.5
248,240
249,56.98
250,3.05
251,60
252,3162
253,1260
254,540
255,100
256,1536
257,7
258,490
259,5
260,2700
261,8
262,408
263,192
264,24/5
265,6
266,11/24
267,276
268,26
269,98
270,25000
271,12300
272,750
273,12
274,520
275,11095
276,289
277,5.4
278,32
279,750
280,542.24
281,8
282,6
283,736
284,64
285,18
286,240
287,579
288,1/2
289,2250
290,944
291,5
292,8
293,186
294,16
295,30
296,160
297,10
298,4
299,91
300,224
301,27/20
302,8
303,8
304,81
305,16899999999.200041151197
306,9
307,20
308,50
309,70
310,102.8
311,450
312,31
313,2/7
314,36
315,60
316,4
317,324
318,900
319,110/3
320,4
321,432
322,1/2
323,119/40
324,6/5
325,7
326,3450
327,71.25
328,890
329,6/11
330,10123.75
331,544000
332,16000
333,300
334,1/2
335,4032
336,10
337,486
338,6
339,10
340,3625
341,90
342,20.1
343,5
344,60
345,47
346,48
347,5
348,425
349,12
350,0.32
351,600
352,249
353,1488
354,168
355,140
356,165.5
357,3.5
358,25000
359,12
360,11304
361,1256
362,45
363,396
364,17.5
365,540
366,11/35
367,32
368,1/8
369,209
370,150
371,242
372,10
373,7
374,46
375,1350
376,591
377,904.32
378,4429
379,5/2
380,70
381,9
382,2/5
383,6240
384,56375
385,92
386,5
387,65.94
388,300
389,20
390,3
391,2260
392,768
393,800
394,235.5
395,1150
396,450
397,11.5
398,6592
399,13
400,1656
401,136
402,864
403,8/3
404,350
405,32
406,0
407,4/15
408,5
409,18.84
410,12
411,70
412,十分之一
413,800
414,10
415,516
416,55
417,8
418,3960
419,20
420,2/9
421,1
422,303
423,5.25
424,1.12
425,15.12
426,1.8
427,640
428,144
429,2000
430,580
431,120
432,96
433,112
434,12960
435,31
436,408
437,44
438,1.325
439,6300
440,1/4
441,9.5
442,670
443,87.5
444,64
445,765
446,3/5
447,0.46
448,20
449,1920
450,1036
451,68
452,8.43%
453,10
454,333
455,133
456,1080
457,6
458,76
459,390
460,24
461,2400
462,33
463,816
464,12
465,1710
466,330
467,164
468,21
469,30
470,12
471,16
472,700
473,125.6
474,6
475,21
476,534
477,10
478,1152
479,231
480,32
481,533
482,19/20
483,48
484,30
485,280
486,140
487,216
488,16
489,1204
490,4
491,96
492,140
493,44.8
494,440
495,2092.34
496,1080
497,1440
498,80
499,1344
500,272
501,800
502,2880
503,75
504,885
505,649
506,-450
507,700
508,188.4
509,38
510,13.2
511,14
512,51/40
513,1
514,120
515,58
516,786
517,0.5
518,1/2
519,224
520,8
521,8
522,355
523,1800
524,5/8
525,200
526,340
527,20608
528,30
529,15.7
530,120
531,13
532,150
533,417.15
534,6
535,45
536,1.44
537,20
538,7
539,96
540,13_3/72
541,12000
542,216
543,600
544,44
545,120
546,9
547,84
548,10
549,60
550,1730
551,36π
552,48
553,3
554,1100
555,750
556,11
557,8
558,12.56
559,50.24
560,0.36
561,6
562,5
563,90
564,5
565,60
566,600
567,147
568,324
569,2160
570,266
571,14.4
572,10700
573,24
574,52500
575,3
576,5
577,2
578,8.333/6
579,240
580,2400
581,7
582,514.3
583,48
584,11
585,12
586,7
587,33
588,50
589,240
590,76/3
591,16
592,12
593,4
594,4
595,50.24
596,21.6
597,374
598,192
599,2400000
600,980
601,9/10
602,3
603,25
604,115
605,2/5
606,5
607,12
608,5
609,62
610,900
611,19
612,58
613,0.18
614,9.6
615,9360
616,116.8
617,100000
618,28.756
619,200
620,99.4
621,50
622,6400
623,114
624,2
625,15
626,550
627,180
628,53
629,108
630,60
631,0.1
632,3
633,2000
634,380
635,95%
636,194%
637,75%
638,99%
639,60
640,20
641,30
642,1
643,48
644,15/16
645,22
646,6
647,14
648,2500
649,20
650,22
651,60
652,11
653,16
654,98%
655,49
656,80
657,2%
658,96
659,95%
660,60
661,480
662,950
663,75%
664,60
665,1094.5
666,50
667,5.01
668,4
669,π
670,40
671,735
672,108
673,28
674,5
675,92%
676,8
677,646
678,98%
679,96%
680,6
681,460
682,120
683,450
684,70
685,21
686,3360
687,300
688,36
689,-30
690,300
691,960
692,81
693,12
694,30
695,550
696,16
697,1
698,31/40
699,60
700,75
701,144
702,5
703,7.5
704,10.2
705,1
706,94%
707,5/8
708,20
709,66
710,3.2
711,57
712,2400000
713,0.3
714,10%
715,1000
716,240
717,0.24
718,26
719,132
720,150
721,48
722,137
723,869
724,76
725,17
726,42.5
727,117
728,150
729,160
730,480
731,90
732,32
733,100
734,29.5
735,0.135
736,4.6
737,2
738,60/7
739,160
740,95%
741,2.5
742,3/4
743,5
744,302
745,1280
746,40
747,0.1
748,10
749,391
750,10
751,28
752,105
753,10
754,14
755,250
756,10/41
757,32
758,1.56
759,2
760,265.76
761,30
762,83.98
763,128.4
764,99
765,48
766,20648
767,3.44
768,5000
769,-10
770,841
771,0
772,187
773,113.25
774,1200
775,18/7
776,0.11304
777,30
778,402
779,4
780,5
781,6880
782,2080
783,50
784,78
785,156
786,6.28
787,4.5
788,255
789,288
790,98%
791,216
792,612.5
793,20
794,72.19
795,2485
796,15.25
797,50
798,35/4
799,24
800,28.6
801,55
802,80
803,46
804,57
805,"**两种说法都正确,但题目要求只写一个结果,通常小数保留一位或整数"
806,500
807,60
808,8
809,-8.56
810,7.8
811,3.55
812,20
813,28.26
814,25
815,3960
816,2420
817,11
818,34
819,120
820,91.5
821,"不合理,因为树的数量不能为负数"
822,88
823,11
824,50.24
825,105
826,11560000
827,50
828,0.12
829,4
830,390
831,160
832,9.018
833,15
834,155
835,5
836,45
837,512
838,44
839,5
840,20/3
841,5/3
842,8
843,200/3
844,546
845,23
846,1
847,42
848,820
849,10
850,1000
851,412.5
852,29
853,18
854,20
855,0
856,20
857,1
858,"应该是负数,因为速度更小"
859,18
860,171
861,180
862,48
863,2/7
864,2.4
865,11
866,0.016375
867,25
868,326.7
869,1
870,13.2
871,30
872,9
873,62
874,0
875,17
876,10500
877,14.3%
878,17.584
879,78.5%
880,64
881,540
882,1/18
883,14
884,5
885,29
886,2
887,3.14
888,"显然不成立,说明我之前的步骤有误"
889,41
890,3
891,63/20
892,49.6
893,11.8
894,72
895,9
896,285
897,20%
898,48
899,"要的是“多少平方米”,所以先把厘米换算成米"
900,4000
901,207000
902,5/1360
903,225
904,16
905,900
906,61
907,1200
908,26
909,0.733
910,1
911,6.20
912,30
913,29
914,6_67/30
915,790
916,7536
917,141.3
918,53.38
919,5.8
920,128
921,-8
922,6/7
923,96%
924,120
925,27/8
926,96%
927,260
928,8/9
929,26.1
930,1
931,1750
932,120
933,9.42
934,7.1
935,-1700
936,90
937,24
938,6.66
939,11
940,16
941,19
942,210
943,24
944,5
945,5/12
946,176
947,6
948,90
949,48
950,0.6
951,16
952,260
953,90/289
954,24
955,10
956,16
957,0.12
958,4584
959,1000
960,1/6
961,8
962,640
963,32239.75
964,16
965,163/4
966,25
967,7359
968,2
969,3/8
970,152.4
971,10
972,3424
973,314
974,41
975,6
976,70
977,8
978,15.7
979,910
980,131.5
981,3/4
982,0.03
983,448
984,0.02
985,70
986,16
987,10
988,2
989,-140
990,24
991,0
992,581
993,一致
994,5.7%
995,680
996,1/11
997,90
998,72
999,1/5
1000,3.14
1001,20/7
1002,89
1003,45
1004,5
1005,10%
1006,2
1007,31
1008,964518
1009,-5/8
1010,0.25
1011,163
1012,312.5
1013,192%
1014,1
1015,160
1016,4/5
1017,75/2
1018,68
1019,8/12
1020,9
1021,150%
1022,14%
1023,0.0628
1024,10
1025,44080
1026,16000
1027,1/4
1028,406
1029,88
1030,15
1031,117.6
1032,102
1033,37.5
1034,16
1035,216
1036,0.36
1037,30
1038,1300
1039,400/49
1040,5
1041,6300
1042,0.333
1043,5
1044,92.46
1045,1157.625
1046,9/16
1047,9
1048,12167
1049,412.5
1050,150
1051,5/3
1052,240
1053,2
1054,0
1055,100
1056,3
1057,216
1058,5/8
1059,640
1060,490
1061,11
1062,3.77
1063,3.5
1064,60
1065,20
1066,6
1067,0
1068,1
1069,45
1070,50
1071,9.375
1072,76
1073,428
1074,4/25
1075,4138
1076,7
1077,272
1078,0.6
1079,16/3
1080,200
1081,105
1082,25
1083,20
1084,130000000
1085,12.2
1086,8
1087,480
1088,4/9
1089,0.0144
1090,300
1091,45
1092,4875
1093,148
1094,4
1095,36
1096,1440
1097,5/8
1098,57
1099,19.2
1100,6/49
1101,16
1102,721
1103,10
1104,285
1105,2/5
1106,39.9
1107,12
1108,45/22
1109,16
1110,27
1111,3
1112,45.12
1113,33_333/1000
1114,800
1115,68
1116,6
1117,20
1118,8
1119,3
1120,15
1121,30
1122,6
1123,10
1124,16
1125,5000
1126,12/5
1127,9.6
1128,10000
1129,"需要换算成千米(因为最后问的是“每分走多少km”,所以应该是以千米为单位)"
1130,0.66
1131,26
1132,30
1133,一致
1134,128
1135,60.5
1136,3.7625
1137,15
1138,480
1139,100
1140,9000
1141,9
1142,6
1143,180
1144,10
1145,36
1146,300
1147,1620
1148,24
1149,19.3
1150,2.32
1151,10
1152,1/2
1153,770
1154,12
1155,2700
1156,1
1157,30
1158,1154
1159,-9.6
1160,21
1161,10
1162,120
1163,1
1164,8965
1165,27
1166,6
1167,20
1168,24.6
1169,15
1170,11.1%
1171,400
1172,360
1173,0.1275
1174,即可
1175,98%
1176,55
1177,20
1178,4700
1179,264
1180,21
1181,750
1182,24
1183,104
1184,203
1185,120
1186,16
1187,398
1188,798
1189,600
1190,40
1191,300
1192,2.7
1193,33750
1194,96
1195,105.26%
1196,15
1197,一致
1198,162
1199,283.735
1200,27
1201,25
1202,200000/950000000
1203,50%
1204,5100
1205,10
1206,18
1207,188
1208,8
1209,0
1210,1
1211,300
1212,952
1213,75%
1214,240
1215,200
1216,90
1217,24
1218,8
1219,1
1220,91.67%
1221,0.3
1222,7
1223,36
1224,48
1225,33
1226,60π
1227,1200
1228,12
1229,30
1230,0.8
1231,64
1232,54
1233,32.736
1234,307.5
1235,94.2
1236,76
1237,90
1238,31
1239,27
1240,-4%
1241,8
1242,4
1243,360
1244,0
1245,4200
1246,85
1247,89
1248,56
1249,600
1250,33
1251,45
1252,40
1253,16
1254,36
1255,8
1256,30
1257,38
1258,24
1259,16
1260,53
1261,22
1262,4
1263,37
1264,6
1265,45
1266,8
1267,13
1268,23
1269,18
1270,55
1271,56
1272,30
1273,26
1274,46
1275,16
1276,72
1277,6
1278,84
1279,30
1280,81
1281,51
1282,84
1283,24
1284,36
1285,40
1286,45
1287,35
1288,27
1289,48
1290,18
1291,26
1292,26
1293,12
1294,24
1295,43
1296,10
1297,3
1298,8
1299,6
1300,6
1301,20
1302,6
1303,1
1304,6
1305,6
1306,21
1307,5
1308,8
1309,8
1310,7
1311,6
1312,4
1313,32
1314,4
1315,9
1316,13
1317,6
1318,52
1319,6
1320,7
1321,4
1322,80
1323,31
1324,28
1325,40
1326,17
1327,11
1328,20
1329,6
1330,42
1331,8
1332,76
1333,22
1334,4
1335,75
1336,486
1337,64
1338,22
1339,5
1340,73
1341,24
1342,6
1343,7
1344,24
1345,84
1346,31
1347,24
1348,6
1349,17
1350,-23
1351,16
1352,19
1353,28
1354,12
1355,12.6
1356,196
1357,75.36
1358,160
1359,700
1360,30
1361,115260
1362,3000
1363,5/9
1364,3600000
1365,4/5
1366,5
1367,8
1368,30144
1369,一致
1370,256
1371,3
1372,335
1373,20
1374,636.5
1375,72/7
1376,2000
1377,738
1378,200/1
1379,30
1380,2.7
1381,301.44
1382,900
1383,30
1384,440
1385,8.2
1386,28
1387,2
1388,150
1389,5.3
1390,42
1391,30
1392,48000
1393,273
1394,40
1395,16
1396,16
1397,60
1398,90
1399,840
1400,6
1401,180
1402,640
1403,60
1404,40
1405,9
1406,102.8
1407,65
1408,787
1409,25
1410,139
1411,10
1412,280
1413,40
1414,0.4
1415,6400
1416,1950
1417,3
1418,240
1419,31
1420,53/60
1421,30.6
1422,33.45
1423,29.2
1424,8
1425,9
1426,9
1427,4
1428,126
1429,1.5
1430,22.5
1431,16
1432,9
1433,所以保留原式或四舍五入到最接近的数字
1434,2.4
1435,44.3
1436,195/1
1437,1.7384
1438,196.25
1439,72
1440,2
1441,11
1442,110
1443,78
1444,18
1445,12
1446,13950
1447,16
1448,1.70
1449,4
1450,132
1451,33.6
1452,180
1453,307
1454,36
1455,0
1456,89
1457,31
1458,2
1459,9
1460,600
1461,3200
1462,合理的
1463,180
1464,26
1465,290
1466,36
1467,206
1468,8.5
1469,1.1
1470,137
1471,22
1472,1
1473,60
1474,26
1475,8
1476,50
1477,9000
1478,16
1479,16
1480,0.6
1481,8448
1482,15
1483,3
1484,48/119
1485,4
1486,11
1487,33
1488,8
1489,56
1490,3.5
1491,12
1492,60
1493,9125
1494,32
1495,10000
1496,5
1497,4
1498,8.08
1499,2370
1500,30.8
1501,3.6
1502,149
1503,60
1504,371
1505,27
1506,58
1507,48
1508,18.4
1509,180
1510,945
1511,50
1512,64
1513,180
1514,70
1515,520
1516,9
1517,1.55
1518,66927
1519,6
1520,45
1521,480
1522,300
1523,82
1524,331
1525,6
1526,125.6
1527,12
1528,320
1529,780
1530,1010
1531,22
1532,27.175
1533,77.5
1534,4800
1535,1/2
1536,1.71
1537,30
1538,1/21
1539,480
1540,128
1541,113.04
1542,3
1543,90
1544,13
1545,150
1546,1300
1547,19
1548,1
1549,29
1550,39
1551,14
1552,3050
1553,2250
1554,2.35
1555,628
1556,2.2536
1557,1
1558,40000
1559,"**题目问的是“多少方”,但体积单位是立方分米,而问题要求方数,所以直接写数字即可"
1560,16000
1561,17
1562,10
1563,9
1564,25
1565,600
1566,360
1567,8.4
1568,200
1569,9
1570,3400
1571,64/9
1572,31.4
1573,7.5
1574,33
1575,9
1576,9420
1577,11.85
1578,210
1579,306
1580,125
1581,64
1582,125
1583,250
1584,125
1585,1633
1586,270
1587,1
1588,128
1589,96
1590,73
1591,288
1592,108
1593,112
1594,30
1595,2800
1596,5.2
1597,-22.86%
1598,1
1599,308
1600,30
1601,64
1602,40
1603,800
1604,0.76
1605,210
1606,9072
1607,48
1608,8
1609,46.8
1610,19096
1611,5024
1612,85000/11
1613,13180
1614,就是周长
1615,52
1616,563
1617,10/3
1618,150
1619,444
1620,200
1621,75
1622,120.96
1623,120
1624,30
1625,411.36
1626,1
1627,2.5
1628,1_1/4
1629,20
1630,1003.75
1631,14
1632,15
1633,2
1634,8.5
1635,20
1636,2
1637,54
1638,24
1639,5
1640,24
1641,308.88
1642,504
1643,720
1644,12.36
1645,0
1646,1/8
1647,6250
1648,72
1649,35
1650,1770
1651,240
1652,15
1653,1500
1654,92%
1655,200π
1656,100
1657,400
1658,36
1659,201/500
1660,81
1661,4
1662,4
1663,-1
1664,3.2
1665,0
1666,34/3
1667,66
1668,625
1669,要保留两位小数
1670,4/13
1671,13.675
1672,140
1673,30
1674,50
1675,2
1676,5/16
1677,99
1678,6912
1679,490000
1680,2611/50
1681,126
1682,142
1683,398
1684,3.6
1685,0
1686,150
1687,55
1688,753.6
1689,150
1690,1120
1691,160
1692,1.5
1693,200
1694,12
1695,360
1696,10
1697,1
1698,30
1699,16
1700,270
1701,40
1702,6.85714
1703,2.2
1704,48/5
1705,0.25
1706,8/9
1707,6
1708,600
1709,5.5
1710,384
1711,34
1712,6600
1713,4040
1714,8
1715,180
1716,5
1717,400
1718,1
1719,720
1720,7/5
1721,100
1722,"写成纯数字或分数,不需要保留小数"
1723,225
1724,63.685
1725,22
1726,85
1727,50.24
1728,8
1729,360
1730,6/5
1731,769/1000
1732,110
1733,37.5
1734,25
1735,50
1736,420
1737,130
1738,752.5
1739,1008
1740,23
1741,60
1742,60
1743,1380
1744,180
1745,64
1746,144/5
1747,360
1748,16
1749,600
1750,794
1751,1
1752,7
1753,1.74
1754,25
1755,9
1756,31/36
1757,300
1758,125.6
1759,40
1760,17
1761,192
1762,-32.13
1763,526
1764,1
1765,300
1766,51
1767,10
1768,36
1769,8
1770,24/59
1771,1/4
1772,480
1773,2682
1774,12.8
1775,2000
1776,5120
1777,450
1778,23760
1779,1414
1780,200
1781,9
1782,1175
1783,1800
1784,71
1785,3
1786,76
1787,6
1788,28
1789,6
1790,600
1791,250
1792,20
1793,11460
1794,5
1795,20
1796,5
1797,325/3
1798,24
1799,500
1800,2.32
1801,15/11
1802,3360
1803,即可
1804,100
1805,942
1806,7200
1807,188
1808,16/5
1809,8
1810,660
1811,8
1812,301.44
1813,30
1814,7
1815,72
1816,3
1817,0.5
1818,102
1819,78
1820,7040
1821,9
1822,22
1823,9
1824,36044
1825,1355
1826,10
1827,6
1828,80
1829,222.37
1830,40
1831,23
1832,5
1833,6000
1834,272
1835,1256
1836,2745
1837,4
1838,12
1839,1/4
1840,51.9375
1841,2
1842,3
1843,4
1844,300
1845,0
1846,7/5
1847,654
1848,9
1849,3000
1850,818
1851,158.6
1852,35
1853,1035
1854,3
1855,12
1856,3
1857,9.5
1858,60
1859,2
1860,1.875
1861,2.2
1862,96
1863,36
1864,7
1865,7
1866,1210
1867,6
1868,1
1869,6720
1870,4410
1871,30
1872,5400
1873,8000
1874,5
1875,10
1876,24
1877,6
1878,167.143
1879,41
1880,-3.75
1881,7.35
1882,6
1883,3888
1884,1088
1885,9
1886,20
1887,6
1888,720
1889,3
1890,16
1891,52%
1892,54
1893,0
1894,9692
1895,81920
1896,2/15
1897,3
1898,1
1899,40
1900,4.5
1901,40
1902,36
1903,2.1
1904,3
1905,2400
1906,420
1907,888
1908,27
1909,12
1910,1.74
1911,249
1912,12
1913,9
1914,1.48
1915,108
1916,12
1917,11
1918,17
1919,96
1920,60
1921,-88
1922,11
1923,5166
1924,12
1925,4.3
1926,58
1927,60
1928,2.25
1929,318.018856
1930,20
1931,85.4
1932,160
1933,1082/3
1934,-416000
1935,3
1936,π
1937,3.3552
1938,117
1939,40
1940,533.33
1941,1.7
1942,6.28
1943,500
1944,48.3
1945,20
1946,605
1947,350
1948,12
1949,1/1900
1950,20%
1951,7
1952,50
1953,3.2
1954,即可
1955,4900
1956,2.85
1957,217
1958,34.54
1959,184
1960,16
1961,3
1962,3740
1963,25
1964,38148
1965,4
1966,565
1967,120
1968,-1976.453
1969,13
1970,89
1971,8
1972,36
1973,8
1974,6
1975,42
1976,1.1
1977,40
1978,180
1979,7
1980,3000
1981,33
1982,14.4
1983,25
1984,6
1985,42
1986,1.5
1987,1/2
1988,144
1989,2202
1990,402
1991,13
1992,-5
1993,218.75
1994,22
1995,4605
1996,1
1997,12
1998,3.5
1999,1.6
2000,4
2001,168
2002,22
2003,81
2004,80
2005,45
2006,260
2007,155
2008,900
2009,521
2010,0.882
2011,45
2012,1300
2013,1/10
2014,2
2015,243
2016,13
2017,3.4
2018,9000
2019,120
2020,160
2021,120
2022,1400
2023,1600
2024,5
2025,1854400000000
2026,3995
2027,15
2028,60
2029,15%
2030,-1/40
2031,4
2032,63
2033,56
2034,8640
2035,230
2036,648
2037,720
2038,384
2039,20/20
2040,1/10
2041,113.04
2042,0.0002617
2043,5
2044,1.5
2045,3.5
2046,1200
2047,15
2048,7
2049,20
2050,376.8
2051,1021
2052,216
2053,748.8
2054,20
2055,305.44
2056,54
2057,550
2058,3/10
2059,1900000
2060,200/7
2061,40
2062,不够
2063,37.4
2064,60
2065,340
2066,7500
2067,640
2068,12.56
2069,315
2070,504
2071,260
2072,3
2073,96
2074,880
2075,48
2076,2600
2077,4
2078,400
2079,2000
2080,2.9
2081,20
2082,35
2083,12
2084,2.515
2085,80
2086,1884
2087,54
2088,128_57/7
2089,1740
2090,112
2091,108
2092,50000
2093,900
2094,672
2095,228
2096,62.8
2097,35
2098,1/9
2099,5
2100,480
2101,50400
2102,0.33
2103,5
2104,96
2105,10
2106,1
2107,25.12
2108,4680
2109,2600
2110,153
2111,160
2112,80
2113,158.208
2114,80/3
2115,622
2116,6
2117,200
2118,157
2119,84
2120,12
2121,88
2122,690.96
2123,"**题目问“多少dm”,所以直接写数字即可"
2124,2.3
2125,4
2126,830
2127,99
2128,268
2129,160
2130,12/5
2131,300
2132,17
2133,8675
2134,2
2135,1315
2136,22
2137,7
2138,29
2139,12
2140,21
2141,8
2142,10
2143,11
2144,1.08
2145,9
2146,1296
2147,24
2148,2
2149,0
2150,100
2151,72.856
2152,10
2153,60
2154,699
2155,6
2156,3
2157,120
2158,20
2159,45.216
2160,20/13
2161,480
2162,732
2163,48
2164,22
2165,2
2166,-124
2167,470
2168,182
2169,0.018
2170,2
2171,87
2172,32.5%
2173,11204
2174,6
2175,12%
2176,65%
2177,3
2178,122.04
2179,40
2180,768000
2181,1.085
2182,715
2183,9
2184,1710
2185,100
2186,15.47
2187,4900
2188,896
2189,300
2190,900
2191,1
2192,30
2193,56
2194,2
2195,3400
2196,24
2197,12.83
2198,39
2199,12
2200,180
2201,176
2202,2520
2203,11400
2204,7
2205,8
2206,12
2207,8
2208,16
2209,210
2210,496
2211,502
2212,375
2213,36
2214,1.54
2215,6
2216,9
2217,10
2218,10
2219,20
2220,10890
2221,3750
2222,500
2223,53
2224,3.85090625
2225,36000
2226,直接写数字即可
2227,80
2228,18
2229,2000
2230,62.8
2231,4
2232,3/7
2233,4.5
2234,27.5
2235,1.4
2236,18
2237,7
2238,40
2239,1
2240,1500
2241,2250
2242,272
2243,6290
2244,45
2245,1.05
2246,12
2247,121.5
2248,4.5
2249,800
2250,1880
2251,3600
2252,114
2253,24
2254,1440
2255,9
2256,60
2257,5750
2258,32
2259,113
2260,504
2261,16%
2262,22%
2263,36.08
2264,8
2265,155
2266,232
2267,22.5
2268,6
2269,64
2270,1
2271,76
2272,-44
2273,2
2274,4
2275,729
2276,1027
2277,320
2278,1
2279,3.2
2280,2880
2281,2940
2282,180000
2283,1190
2284,3500
2285,126
2286,91.2
2287,5/4
2288,6
2289,7000/23
2290,100
2291,11.25
2292,45
2293,100
2294,48
2295,452.16
2296,72
2297,5
2298,20
2299,314
2300,24
2301,3
2302,480
2303,18
2304,12
2305,12.84
2306,4
2307,14
2308,14
2309,8
2310,8
2311,6
2312,100
2313,1420
2314,5250
2315,7
2316,1860
2317,420
2318,14.4
2319,16
2320,"不成立,说明可能我理解错了或计算错误"
2321,360
2322,79.312
2323,29.6
2324,60
2325,900
2326,1537
2327,70
2328,5
2329,13
2330,22.5
2331,40
2332,5/12
2333,4200
2334,"必须是纯数字或分数,这里我们通常取精确值"
2335,1
2336,12
2337,5
2338,"的十位数字为x,百位数字为y"
2339,2
2340,2
2341,1520
2342,4.8
2343,53
2344,12
2345,266
2346,52
2347,72
2348,48
2349,327
2350,1080
2351,1
2352,3
2353,12
2354,150
2355,240
2356,7
2357,13
2358,28.57
2359,638
2360,40%
2361,13
2362,448
2363,8.8
2364,476
2365,就是总路程
2366,20
2367,"负数,说明原来半径不可能是整数"
2368,12500
2369,4
2370,240
2371,7
2372,"**题目要求“至少需要多少平方米的木板”,所以答案就是这个数值"
2373,180
2374,118
2375,32
2376,10
2377,43
2378,4
2379,7.6
2380,90
2381,24
2382,3
2383,213
2384,192.5
2385,111
2386,56
2387,930
2388,15
2389,0.75
2390,180
2391,10
2392,21
2393,15
2394,27.8
2395,5
2396,46
2397,52
2398,1281
2399,125%
2400,25.2
2401,55.25
2402,0.002
2403,4
2404,70
2405,40
2406,74
2407,7.8
2408,11.2
2409,84.81
2410,24
2411,15.6
2412,5
2413,4
2414,37/80
2415,1258/2100
2416,12.56
2417,写纯数字或分数形式
2418,92
2419,45
2420,50.3
2421,1200
2422,8
2423,5/2
2424,3.3
2425,7560
2426,80
2427,8
2428,750
2429,7.2
2430,1
2431,420
2432,4
2433,3
2434,120
2435,210
2436,158.2
2437,44.8
2438,17
2439,8
2440,21
2441,100
2442,108
2443,18
2444,48_888/100
2445,32
2446,75/2
2447,2030
2448,14
2449,368.06
2450,1650
2451,30
2452,1600
2453,5657
2454,21
2455,23
2456,20%
2457,176
2458,40
2459,1256
2460,2/3
2461,6
2462,5
2463,28
2464,0.8
2465,180
2466,34.8606
2467,1
2468,44
2469,80
2470,16
2471,42
2472,"不符合实际问题中的边长,因为正方形边长不能为零"
2473,120
2474,6
2475,80
2476,25
2477,35
2478,121_666/9
2479,60
2480,405
2481,88
2482,1032
2483,1
2484,50.24
2485,600
2486,3
2487,2017
2488,4
2489,8
2490,12
2491,10
2492,11
2493,2
2494,80
2495,98
2496,19
2497,"相加,得到总工资"
2498,1/16
2499,60
2500,237
2501,2
2502,2000
2503,30
2504,35%
2505,10
2506,40/9
2507,32.9
2508,216
2509,-7.2727
2510,15000
2511,π
2512,7630
2513,18.84
2514,x
2515,0
2516,-273
2517,15.072
2518,56.52
2519,4
2520,195.5
2521,8526.4
2522,155.186
2523,4
2524,"与x的值一致,因此正确"
2525,96
2526,48
2527,242
2528,40
2529,66
2530,12
2531,16.2
2532,10
2533,148
2534,600
2535,9.42
2536,80
2537,216
2538,0.4
2539,216
2540,5
2541,9
2542,101
2543,2
2544,300
2545,6
2546,1100
2547,200
2548,35
2549,20
2550,8
2551,5
2552,36
2553,12.5%
2554,1
2555,7.5
2556,390
2557,0.987
2558,6
2559,245760
2560,36%
2561,180
2562,9.2
2563,4/3
2564,20
2565,105
2566,155
2567,50.24
2568,0.2
2569,720
2570,140
2571,2842
2572,8
2573,3
2574,15
2575,60
2576,60
2577,467.5
2578,15.7
2579,1660
2580,1
2581,12
2582,12
2583,66
2584,82.0
2585,0.025
2586,48
2587,10
2588,21
2589,7
2590,1.5
2591,2
2592,483.4
2593,1440
2594,240
2595,400
2596,5/20
2597,79.5
2598,43.2
2599,26.4
2600,125
2601,3360
2602,4500
2603,2.175
2604,0.0256
2605,34736
2606,12
2607,1000000
2608,8
2609,3
2610,89/7
2611,56.52
2612,1364
2613,1125
2614,30
2615,11
2616,53
2617,1800
2618,360
2619,3
2620,75%
2621,1/9
2622,7/11
2623,3
2624,3
2625,62.8
2626,48
2627,3
2628,110%
2629,190
2630,5/49
2631,3
2632,4
2633,89.5
2634,1.2
2635,0.2
2636,5
2637,36.7
2638,20
2639,"**题目没有特别要求取整,所以所有分数都是可能的答案"
2640,3
2641,9
2642,4
2643,64
2644,3
2645,200
2646,32
2647,1
2648,5
2649,58.1
2650,8
2651,40
2652,4
2653,300
2654,6
2655,2.4
2656,"就是速度,单位是千米/小时"
2657,4
2658,1.5
2659,0.4
2660,37.68
2661,20
2662,4
2663,992
2664,630
2665,1728
2666,3
2667,96.87%
2668,165.6
2669,46
2670,19/19
2671,187.5
2672,350
2673,48
2674,20
2675,35
2676,24
2677,4
2678,784
2679,64.8
2680,4
2681,324
2682,80
2683,150
2684,20
2685,2800
2686,15%
2687,2
2688,144
2689,4
2690,180
2691,5440
2692,50%
2693,246
2694,4.6
2695,10
2696,0
2697,530
2698,3
2699,24
2700,11
2701,14
2702,1200
2703,10
2704,3.43
2705,200
2706,5
2707,6
2708,6
2709,3700
2710,60
2711,13
2712,38.5
2713,720
2714,2
2715,370
2716,75.44
2717,30
2718,72
2719,2.5
2720,10850
2721,1512
2722,19200
2723,2223
2724,20400
2725,5/18
2726,15
2727,43
2728,2220
2729,10
2730,139
2731,810
2732,2
2733,200
2734,1/25
2735,10
2736,7.5
2737,1
2738,71
2739,22
2740,0.75
2741,10
2742,3
2743,1683
2744,40/3
2745,45
2746,845
2747,24
2748,75
2749,320
2750,20
2751,16
2752,1000
2753,5
2754,5
2755,133.33
2756,1.26
2757,200
2758,2436
2759,250
2760,2
2761,3/5
2762,1620
2763,432
2764,11
2765,20.8
2766,5
2767,60
2768,419
2769,2.5
2770,10
2771,8
2772,6
2773,30
2774,8.75
2775,24
2776,5
2777,1
2778,100
2779,250
2780,8
2781,36
2782,59/20
2783,8
2784,375
2785,7
2786,980
2787,38.4
2788,208
2789,13
2790,6
2791,2
2792,36
2793,24
2794,133
2795,100
2796,"**题目问的是“正确答案”,通常指算式结果"
2797,1
2798,1300
2799,7
2800,9
2801,208
2802,7
2803,100
2804,3087
2805,240
2806,"不够整数,可能是笔误或题目可能需要取整"
2807,15
2808,"不合理,说明我之前的理解或计算有问题"
2809,186
2810,28.8
2811,1344
2812,320
2813,90
2814,150.72
2815,2
2816,16
2817,2000
2818,49
2819,370
2820,3.14
2821,130
2822,12560
2823,3
2824,5
2825,70
2826,3520
2827,3
2828,1/10
2829,32
2830,55/6
2831,17
2832,9
2833,31
2834,348
2835,6
2836,21
2837,920
2838,6
2839,24%
2840,140
2841,-103
2842,61
2843,1
2844,340
2845,37.68
2846,15
2847,12
2848,22.5
2849,7402
2850,13
2851,40
2852,0.216
2853,750
2854,30
2855,110%
2856,1
2857,28
2858,3
2859,5
2860,5500
2861,308
2862,7
2863,56.7
2864,26
2865,16
2866,10
2867,36
2868,4.71
2869,1000
2870,280
2871,3000
2872,1100
2873,4
2874,24.72
2875,750
2876,5
2877,20%
2878,910
2879,32
2880,5
2881,7200
2882,96%
2883,30
2884,4/3
2885,7.2
2886,0
2887,400
2888,900
2889,15072
2890,1610
2891,270
2892,4
2893,64
2894,320
2895,40%
2896,5
2897,9
2898,1810
2899,1375
2900,π
2901,527
2902,477
2903,9
2904,10
2905,131
2906,1202
2907,120
2908,100.48
2909,200
2910,50
2911,11
2912,505
2913,66
2914,2
2915,160
2916,14
2917,π
2918,55
2919,379
2920,9000
2921,24
2922,4
2923,6600
2924,5/4
2925,8
2926,12000
2927,8
2928,82
2929,8
2930,1320
2931,25
2932,35
2933,29/4
2934,12
2935,138.16
2936,3/20
2937,78.5
2938,8
2939,1
2940,900
2941,326
2942,125.6
2943,162
2944,12
2945,254.74
2946,5296
2947,15.7
2948,65
2949,442
2950,36
2951,3.63
2952,"不合理,因为煤不能是负数"
2953,75
2954,1
2955,33.75
2956,要加回)
2957,2
2958,36
2959,180
2960,4
2961,3.1
2962,1000
2963,105
2964,12.56
2965,应为分数形式
2966,20
2967,81
2968,30
2969,15
2970,24
2971,40
2972,60
2973,5
2974,2.16
2975,12
2976,9.6
2977,125.6
2978,12
2979,3/5
2980,600/11
2981,473
2982,213
2983,8000
2984,160
2985,115
2986,4.608
2987,4
2988,120
2989,5
2990,218.75
2991,87.3
2992,15.7
2993,2240
2994,1400
2995,48
2996,1600
2997,115
2998,18
2999,1/7
3000,100
3001,240/245
3002,88
3003,即可
3004,9/50
3005,0
3006,27
3007,25
3008,126
3009,0.014
3010,76.175
3011,2
3012,5.024
3013,1271
3014,1.5
3015,1250
3016,20
3017,600
3018,40
3019,135
3020,30
3021,700
3022,960
3023,80
3024,15
3025,100
3026,15.4
3027,17200
3028,756.64
3029,0.0024
3030,75800
3031,742
3032,0
3033,15
3034,8
3035,10
3036,140
3037,14
3038,15%
3039,25
3040,376.8
3041,1
3042,4
3043,3
3044,4800
3045,15
3046,176
3047,1680
3048,8
3049,4320
3050,4.6
3051,19.2
3052,100
3053,3
3054,8/3
3055,45/4
3056,400
3057,12
3058,915
3059,537
3060,1500
3061,1248
3062,113.04
3063,2
3064,10
3065,65
3066,155
3067,63.9
3068,140
3069,1000
3070,120
3071,6880
3072,15%
3073,200
3074,4.3
3075,-1
3076,40
3077,15118.4
3078,72
3079,45
3080,57
3081,68
3082,12560
3083,0.50
3084,12
3085,18
3086,1400
3087,20
3088,20
3089,-1098
3090,98%
3091,27
3092,18
3093,45
3094,97.7
3095,141.52
3096,97.98
3097,1.2
3098,98.125
3099,3
3100,20
3101,1/3.14
3102,100
3103,24
3104,64
3105,1
3106,45
3107,300
3108,50
3109,9
3110,4
3111,360
3112,192
3113,160
3114,470
3115,0.16
3116,425
3117,240
3118,7
3119,45
3120,41.5
3121,456
3122,183
3123,60
3124,12
3125,160
3126,3525
3127,58_1/3
3128,1
3129,400
3130,3250
3131,20/11
3132,10
3133,3.5
3134,2000
3135,1
3136,153.83
3137,63
3138,640
3139,110
3140,97.5
3141,12000
3142,187
3143,10.4
3144,8
3145,496
3146,5
3147,3000
3148,1.1
3149,12
3150,10
3151,2
3152,2
3153,45
3154,2.2
3155,12
3156,60
3157,0
3158,120
3159,4.5
3160,640
3161,16
3162,1920
3163,20%
3164,1.44
3165,64
3166,45
3167,26
3168,94
3169,7
3170,720
3171,40
3172,32
3173,15
3174,76
3175,140
3176,1791
3177,41
3178,624
3179,48
3180,2700
3181,36.31
3182,3.7
3183,0.7
3184,720
3185,180
3186,5.5
3187,121
3188,807
3189,15
3190,72
3191,340
3192,92
3193,50
3194,720
3195,30
3196,52
3197,6400
3198,1800
3199,465
3200,70
3201,96
3202,3600
3203,4800
3204,123
3205,14
3206,1085
3207,92
3208,1
3209,85
3210,120
3211,5.14
3212,72
3213,8
3214,9
3215,75
3216,600
3217,800
3218,24
3219,130
3220,11
3221,25
3222,15
3223,210
3224,360
3225,175
3226,160
3227,0.75
3228,30
3229,72
3230,2520
3231,384
3232,360
3233,123
3234,38
3235,2280
3236,936
3237,3333.33
3238,175
3239,1352
3240,63
3241,9980
3242,4000
3243,1160
3244,1600
3245,50
3246,280
3247,372
3248,1880
3249,3600
3250,280
3251,78
3252,300
3253,1200
3254,30
3255,3
3256,24
3257,3
3258,8
3259,39240
3260,1702
3261,8
3262,6
3263,120
3264,3
3265,7
3266,8
3267,460
3268,35
3269,186
3270,225
3271,24
3272,27
3273,8
3274,75
3275,336
3276,1
3277,35
3278,420
3279,625
3280,800
3281,5124
3282,6
3283,130
3284,1208
3285,5
3286,-241
3287,9
3288,56
3289,5400
3290,250
3291,218
3292,120
3293,9
3294,45
3295,29
3296,86
3297,200
3298,1000
3299,105
3300,13
3301,43
3302,217
3303,109
3304,99
3305,11
3306,447
3307,477
3308,116
3309,39
3310,120
3311,660
3312,84
3313,9
3314,31
3315,7
3316,63
3317,315
3318,362
3319,8
3320,220
3321,54
3322,605
3323,21
3324,12560
3325,60
3326,200
3327,750
3328,1425
3329,144
3330,101/4
3331,90
3332,250
3333,2160
3334,525
3335,"显然不成立,说明我之前的理解有误"
3336,4
3337,15.5
3338,448
3339,576
3340,200
3341,720
3342,90.5
3343,4
3344,303
3345,1
3346,100
3347,15
3348,6000
3349,180
3350,32
3351,13
3352,13
3353,48
3354,39
3355,50
3356,784
3357,130
3358,60
3359,86
3360,440
3361,520
3362,204
3363,113400
3364,35
3365,40
3366,37
3367,300
3368,204
3369,10
3370,13500
3371,24255
3372,1116
3373,3960
3374,94000
3375,40
3376,11
3377,910
3378,5
3379,256
3380,27
3381,417
3382,105
3383,96
3384,1122
3385,84
3386,25
3387,135
3388,24
3389,25
3390,98
3391,432
3392,960
3393,60
3394,40
3395,130
3396,24
3397,25
3398,60
3399,100
3400,845
3401,90
3402,5
3403,52
3404,15
3405,43
3406,214
3407,400
3408,不合理
3409,12
3410,100
3411,6
3412,216
3413,4185
3414,217831.19
3415,207
3416,5
3417,100
3418,16
3419,1530
3420,52
3421,111
3422,552
3423,4906
3424,1764
3425,4
3426,6240
3427,432
3428,16
3429,25
3430,-27
3431,38
3432,3035
3433,7
3434,131
3435,33.62
3436,36.5
3437,107/3
3438,1725
3439,87
3440,0.72
3441,480
3442,2
3443,06
3444,2015
3445,369
3446,700
3447,8
3448,45
3449,96
3450,1400
3451,172
3452,5200
3453,2
3454,16
3455,113
3456,42
3457,95/4
3458,5
3459,8
3460,-132
3461,3
3462,135
3463,33.6
3464,45
3465,3
3466,180
3467,180
3468,57.90
3469,430
3470,2
3471,15
3472,27.2
3473,1000
3474,3
3475,9
3476,23
3477,25
3478,8
3479,600
3480,385
3481,42/25
3482,33_1/3
3483,68
3484,800
3485,48
3486,75/7
3487,54
3488,288
3489,150
3490,30
3491,192
3492,322
3493,882
3494,10
3495,30
3496,1
3497,4.5
3498,174
3499,6
3500,6
3501,16
3502,100
3503,800
3504,4
3505,3120
3506,11
3507,50
3508,275
3509,12.8
3510,300
3511,420
3512,12
3513,3750
3514,21.75
3515,1440
3516,352
3517,18
3518,6
3519,3500
3520,192
3521,8
3522,192
3523,8
3524,81
3525,500
3526,450
3527,55
3528,4.5
3529,58
3530,4
3531,7500
3532,12.65
3533,118
3534,1/5
3535,20
3536,9
3537,6
3538,192
3539,276
3540,50
3541,2400
3542,12180
3543,2600
3544,6
3545,5
3546,8
3547,1494
3548,588
3549,2000
3550,8
3551,75
3552,1/10
3553,5050
3554,205
3555,720
3556,316
3557,4
3558,25
3559,540
3560,428
3561,3085
3562,840
3563,9
3564,380
3565,175
3566,32
3567,1107
3568,1488
3569,2
3570,11
3571,6
3572,8
3573,35
3574,42
3575,8800
3576,213
3577,25
3578,24
3579,34
3580,9
3581,80
3582,74
3583,24
3584,4050
3585,40
3586,40
3587,495
3588,6480
3589,105/294
3590,4500
3591,36
3592,36.8
3593,23
3594,4.45
3595,2000
3596,175
3597,30/43.2
3598,23
3599,1.5
3600,194
3601,89600
3602,74
3603,817
3604,1500
3605,640
3606,40
3607,15
3608,21
3609,3/13
3610,3/50
3611,25
3612,634.2
3613,401
3614,945
3615,8
3616,480
3617,100
3618,9
3619,160
3620,684
3621,5
3622,450
3623,266
3624,1
3625,4240
3626,102
3627,64
3628,1080
3629,6
3630,1200
3631,920
3632,660
3633,13000
3634,3575
3635,125
3636,140
3637,453
3638,111
3639,300
3640,166
3641,6
3642,72
3643,3330
3644,21.425
3645,5
3646,24
3647,2300
3648,3
3649,690
3650,20
3651,3
3652,144
3653,250
3654,168
3655,52_2/9
3656,161
3657,30
3658,70
3659,272
3660,24
3661,5700
3662,1.5
3663,"不合理,说明可能我理解错了"
3664,17
3665,566
3666,98
3667,160
3668,485
3669,588
3670,2916
3671,1440
3672,13
3673,100
3674,15.7
3675,640
3676,10665
3677,60480
3678,2
3679,5880
3680,9720
3681,880
3682,4
3683,6
3684,13
3685,544
3686,1500
3687,400
3688,1000
3689,384
3690,75
3691,5
3692,6
3693,40
3694,1038
3695,504
3696,35
3697,-0.6
3698,1750
3699,"”,也就是原来的被减数和减数相加后的结果"
3700,1632
3701,390
3702,880
3703,4
3704,2700
3705,4
3706,4500
3707,168
3708,9
3709,44
3710,6
3711,104
3712,18090
3713,40
3714,1
3715,570
3716,10000
3717,509
3718,12
3719,684
3720,25
3721,318
3722,655
3723,72
3724,158225
3725,8
3726,8
3727,160
3728,11
3729,5
3730,1250
3731,84
3732,70
3733,84
3734,534
3735,400
3736,107
3737,3800
3738,640
3739,14000
3740,429
3741,600
3742,728
3743,4710
3744,140
3745,450
3746,212
3747,8
3748,300
3749,30
3750,2668
3751,120
3752,100
3753,288
3754,1176
3755,720
3756,2.25
3757,52
3758,3360
3759,5000
3760,252
3761,96
3762,78
3763,18
3764,0.435
3765,11
3766,2
3767,2210
3768,300
3769,10
3770,49
3771,2160
3772,108
3773,7
3774,600
3775,12
3776,20000
3777,5
3778,76475
3779,2
3780,552
3781,15
3782,11
3783,175
3784,120
3785,80
3786,23800
3787,68
3788,414
3789,79
3790,0.65
3791,3430
3792,126
3793,65
3794,190
3795,93.6
3796,24
3797,18
3798,102
3799,763
3800,1100
3801,52
3802,8020
3803,3
3804,12
3805,84
3806,1679
3807,4400
3808,54
3809,0
3810,30
3811,144
3812,60
3813,45
3814,900
3815,24
3816,667
3817,15
3818,45
3819,36
3820,10850
3821,40
3822,36
3823,20
3824,120
3825,6
3826,36
3827,25
3828,2160
3829,1770
3830,1
3831,43.2
3832,112000
3833,"多余的,因为桶必须是完整的)"
3834,81
3835,60
3836,768
3837,0.89062
3838,45
3839,2880
3840,81
3841,1232
3842,192
3843,7378
3844,7.5
3845,6
3846,7
3847,768
3848,1200
3849,5850
3850,90
3851,256
3852,420
3853,54
3854,2520
3855,350
3856,3456
3857,216
3858,455
3859,75
3860,960
3861,96
3862,140
3863,1440
3864,468
3865,3900
3866,1680
3867,375
3868,368
3869,5000
3870,0.5
3871,40
3872,5
3873,960
3874,3
3875,5760
3876,54
3877,120
3878,716
3879,3000
3880,12.8
3881,2
3882,24
3883,36
3884,29
3885,4
3886,21.6
3887,60.4
3888,160
3889,1200
3890,48
3891,2
3892,1.86
3893,108
3894,50
3895,24
3896,270
3897,9
3898,11
3899,20
3900,9
3901,不能
3902,40
3903,2800
3904,1
3905,7
3906,144
3907,168
3908,14.5
3909,0.36
3910,410
3911,6
3912,91
3913,140
3914,18414
3915,9500
3916,300
3917,40
3918,3360
3919,312
3920,140
3921,610
3922,2100
3923,33
3924,750
3925,100/63
3926,7
3927,240
3928,225
3929,"显然不成立,说明可能我之前的理解或计算有误"
3930,196
3931,4.08
3932,"显然不成立,说明前面的条件可能有误或矛盾"
3933,738
3934,95
3935,25
3936,10480
3937,111
3938,651
3939,9720
3940,396
3941,1247
3942,6
3943,720
3944,16.3
3945,3
3946,204
3947,19/6
3948,60
3949,13
3950,1035
3951,420
3952,1
3953,324
3954,462
3955,1600
3956,682
3957,150
3958,12.8
3959,16
3960,122.5
3961,0
3962,72
3963,5
3964,465.5
3965,1430
3966,13
3967,19
3968,216
3969,"不合理,因为天数不能是负数"
3970,1
3971,1650
3972,45
3973,9
3974,60
3975,40
3976,5
3977,3
3978,7/3
3979,4
3980,7_1/3
3981,125
3982,7
3983,360
3984,1/40
3985,900
3986,51
3987,1
3988,576
3989,323/8
3990,1260
3991,30
3992,30600
3993,69
3994,14/25
3995,13
3996,9
3997,46
3998,600
3999,4
4000,49
4001,19
4002,1485
4003,1744
4004,2402
4005,50
4006,45.6
4007,17
4008,140
4009,2448
4010,-100
4011,40
4012,464
4013,2
4014,135
4015,20/11
4016,20
4017,178
4018,9.4
4019,18.4
4020,9
4021,1.6
4022,28
4023,230
4024,130
4025,600
4026,3046
4027,1.6
4028,50
4029,"说明两个速度相等,但要注意单位问题"
4030,9.6
4031,18
4032,15
4033,960
4034,65
4035,8
4036,4
4037,800.425
4038,1840
4039,391.2
4040,64.4
4041,500
4042,50
4043,800
4044,12
4045,160
4046,1600
4047,2500
4048,88
4049,144
4050,192
4051,4
4052,300
4053,18
4054,2.16
4055,450
4056,60
4057,250
4058,234
4059,24
4060,240
4061,1419
4062,2880
4063,645
4064,2
4065,17.6
4066,152
4067,4332.22
4068,1
4069,1008
4070,5
4071,1500
4072,68
4073,142.8
4074,1400
4075,182
4076,30
4077,6
4078,22.375
4079,157
4080,12
4081,176
4082,965
4083,1712
4084,10
4085,600
4086,137
4087,1442
4088,1200
4089,11
4090,48
4091,930
4092,266.5
4093,80
4094,9600
4095,3284
4096,4/3
4097,3
4098,2030
4099,2040
4100,44.998
4101,37.5
4102,800
4103,5
4104,92.143
4105,1372
4106,10
4107,576
4108,61
4109,3.3
4110,8
4111,6/5
4112,5
4113,36
4114,4060
4115,90
4116,7
4117,16
4118,12
4119,690
4120,24
4121,5
4122,22
4123,9
4124,39
4125,73.3
4126,5000
4127,1130
4128,98
4129,160
4130,93.75
4131,722
4132,1095
4133,26.2
4134,48
4135,6.9
4136,456
4137,2
4138,117/23
4139,1600
4140,42
4141,200/9
4142,9600
4143,270
4144,1112
4145,56.6
4146,11
4147,5
4148,11
4149,1063
4150,202
4151,30
4152,9
4153,504
4154,837
4155,5.2
4156,2.5
4157,424
4158,18
4159,449
4160,11
4161,80
4162,0.1884
4163,350000
4164,72.5
4165,480
4166,85
4167,400
4168,15
4169,37
4170,100
4171,18
4172,182.72
4173,11881
4174,1728
4175,625
4176,28
4177,189.76
4178,29
4179,7.5
4180,40.08
4181,12
4182,4.32
4183,169
4184,18
4185,11.5
4186,50
4187,72
4188,2.4
4189,2
4190,16
4191,8000
4192,700
4193,5.5
4194,125%
4195,9.42
4196,100
4197,10308
4198,25.12
4199,27
4200,1440
4201,"小数,但题目要求纯数字或分数,所以保留分数形式"
4202,130%
4203,8
4204,0.785
4205,15000
4206,7
4207,899
4208,13
4209,780
4210,83
4211,12
4212,42
4213,1350
4214,26
4215,5
4216,4
4217,16
4218,375
4219,1050
4220,10
4221,30
4222,-4/7
4223,384
4224,180
4225,326.56
4226,0.6733
4227,10
4228,16
4229,188.4
4230,3
4231,56
4232,π
4233,12.5%
4234,π
4235,34
4236,40.5
4237,32328
4238,4
4239,19
4240,180
4241,30
4242,96
4243,200
4244,60
4245,640
4246,700
4247,36
4248,440
4249,2
4250,4
4251,27
4252,900
4253,7.85
4254,72900
4255,1.96
4256,33.3
4257,20
4258,190
4259,65/9
4260,20
4261,548
4262,46
4263,738
4264,288
4265,2
4266,0.9
4267,38
4268,141
4269,12.5
4270,4
4271,2
4272,48
4273,63
4274,48
4275,540
4276,14
4277,140
4278,30
4279,5472
4280,306
4281,120.76
4282,4/3
4283,50
4284,27
4285,675
4286,23
4287,2700
4288,90
4289,491480
4290,12.56
4291,9
4292,11
4293,5855
4294,1131
4295,144
4296,64
4297,414
4298,508
4299,50
4300,7
4301,16
4302,1440
4303,5
4304,140
4305,150
4306,24
4307,13
4308,27
4309,2000
4310,285.8
4311,"不合理,因为煤量不能负数"
4312,-30
4313,3/4
4314,20%
4315,10%
4316,2646
4317,2750
4318,463
4319,18
4320,187
4321,4
4322,255
4323,22
4324,9.8
4325,75.36
4326,51.46
4327,2
4328,60
4329,0.61
4330,64
4331,2606
4332,就是底面积
4333,288
4334,342
4335,864
4336,2/5
4337,88.4
4338,32
4339,64
4340,8%
4341,400
4342,1.5
4343,72_9/10
4344,88
4345,5.4
4346,40%
4347,25.4
4348,100%
4349,5.6
4350,28
4351,8
4352,6
4353,16
4354,π
4355,3.5
4356,15
4357,26
4358,1.30
4359,6
4360,25.12
4361,20
4362,3
4363,8/5
4364,596.25
4365,18.96
4366,18
4367,14/5
4368,90
4369,72
4370,66
4371,40.10625
4372,16
4373,45
4374,9
4375,3/5
4376,114
4377,973
4378,50
4379,18
4380,π
4381,100
4382,9.42
4383,45
4384,284
4385,12560
4386,-35
4387,3
4388,750
4389,58
4390,2000
4391,1568
4392,6
4393,16
4394,9
4395,6400
4396,6400
4397,20/3
4398,20/3
4399,9
4400,145/12
4401,具体的数值
4402,24
4403,15
4404,200
4405,9
4406,9
4407,16.8
4408,13
4409,6
4410,35
4411,88
4412,-2/15
4413,426
4414,309
4415,2/3
4416,17
4417,80
4418,即可
4419,270
4420,6
4421,75
4422,12
4423,1.176
4424,5024
4425,133.33
4426,9360
4427,9.36
4428,125.6
4429,1
4430,28.26
4431,20
4432,2/3
4433,64
4434,4/3
4435,800/3
4436,100
4437,10
4438,11.3087
4439,3.14
4440,10
4441,2000
4442,25%
4443,70.65
4444,4
4445,18
4446,35
4447,1200/7
4448,50.24
4449,235.5
4450,36
4451,6
4452,25.12
4453,10/3
4454,800
4455,48
4456,945000
4457,12
4458,5
4459,25
4460,2.16
4461,141.3
4462,1
4463,31.4
4464,21.98
4465,28.26
4466,6.9275
4467,直接可用
4468,72
4469,560
4470,160
4471,375
4472,56.52
4473,3
4474,36300
4475,16.485
4476,2608
4477,19
4478,13.333
4479,120
4480,1
4481,9
4482,1440
4483,438
4484,240
4485,1500
4486,288
4487,14
4488,27
4489,50.24
4490,78.5
4491,0.9
4492,62.8
4493,2
4494,1100
4495,12
4496,12.56
4497,-7
4498,π
4499,60
4500,76.5
4501,118.575
4502,5
4503,540
4504,π
4505,50%
4506,62.8
4507,12.56
4508,50.2
4509,4.5
4510,25
4511,3140
4512,10
4513,1/4705.88
4514,87
4515,18/5
4516,12.56
4517,0.098256
4518,π
4519,34
4520,1/9
4521,9
4522,1700
4523,9.5212
4524,25.12
4525,0.314
4526,54.678
4527,100
4528,64
4529,800
4530,6
4531,1/2
4532,5000
4533,6.875
4534,200
4535,1728
4536,135
4537,1256
4538,0.5
4539,2450
4540,2300
4541,4
4542,96000
4543,28.26
4544,1
4545,94.2
4546,480
4547,44
4548,28
4549,602
4550,50.24
4551,10%
4552,12.56
4553,80
4554,0
4555,22
4556,16.0168
4557,46
4558,74
4559,9
4560,1
4561,21.98
4562,10.8
4563,60
4564,5.5
4565,48000
4566,15
4567,62.8
4568,314
4569,49.8%
4570,28.4
4571,97.89
4572,8
4573,3600
4574,125.6
4575,1
4576,1
4577,5024
4578,30.14
4579,2.4
4580,4
4581,18.84
4582,60
4583,12
4584,10_2/5
4585,12.56
4586,9.42
4587,4/125
4588,2900
4589,4.2
4590,12
4591,4
4592,20
4593,2512
4594,3_8/10
4595,4
4596,20/3
4597,20/3
4598,2
4599,308.86
4600,6.28
4601,125.6
4602,90
4603,35
4604,2.56
4605,3.14
4606,696.75
4607,0.005024
4608,23/11
4609,5268
4610,100
4611,6.28
4612,19.625
4613,20
4614,7.8
4615,9.42
4616,6
4617,11304
4618,240
4619,254.4
4620,12.56
4621,44.44%
4622,3
4623,718.75
4624,π
4625,800
4626,4
4627,π
4628,90
4629,25
4630,27.6
4631,125000
4632,73.44
4633,0.102
4634,48
4635,3
4636,25
4637,22
4638,60
4639,14
4640,45
4641,0.785
4642,50.24
4643,339.56
4644,3600
4645,1194
4646,1000/1962.5
4647,32
4648,6
4649,"与原题不符,说明前面步骤有误"
4650,4
4651,160
4652,685.714
4653,52.87872
4654,1000
4655,1
4656,1890
4657,1850.4
4658,28.8
4659,8.7
4660,58.875
4661,1000
4662,5275
4663,2
4664,"**题目没有特别说明结果必须带分数,所以用分数表示更准确"
4665,π
4666,12
4667,π
4668,22
4669,7850
4670,32
4671,125.6
4672,17
4673,68
4674,56
4675,3
4676,208.32
4677,16%
4678,零)
4679,-28.26
4680,60
4681,13/28
4682,1/60
4683,8
4684,1962.5
4685,0.0226
4686,3/4
4687,5775
4688,900
4689,0.52
4690,2.4
4691,10
4692,75
4693,9.12
4694,31.4
4695,79.52
4696,45
4697,10.71
4698,37.5
4699,78.5
4700,1168.5
4701,32
4702,50
4703,4
4704,50
4705,大饼
4706,8
4707,31.5
4708,469
4709,6
4710,16%
4711,126
4712,21352
4713,112
4714,0.008792
4715,4/3
4716,28.26
4717,250.049
4718,720
4719,106
4720,20/125
4721,562
4722,894
4723,70/67
4724,50.24
4725,84.78
4726,27
4727,20
4728,25
4729,60
4730,2.7
4731,60
4732,2500
4733,36
4734,11200
4735,53.48
4736,200
4737,8
4738,1500
4739,1600
4740,25.12
4741,131.975
4742,200
4743,25.12
4744,450
4745,127
4746,1.5
4747,42
4748,5132.2
4749,226.08
4750,2
4751,24
4752,6.28
4753,361
4754,1/9
4755,8402
4756,6.28
4757,54
4758,11111.1
4759,13334
4760,50.24
4761,3
4762,-3.42
4763,628
4764,0.4535
4765,63/11
4766,113.52
4767,1256
4768,10.2
4769,"**题目没有指定保留几位小数,通常四舍五入到整数或分数"
4770,153.86
4771,9
4772,1237.7
4773,1950
4774,46.2
4775,20
4776,15.7
4777,就是数字
4778,62.5%
4779,就是这两个新半圆柱的侧面积
4780,43.96
4781,87.92
4782,10
4783,72
4784,564
4785,1962.5
4786,600
4787,6/5
4788,4
4789,0.785
4790,2.5
4791,4770
4792,78.5
4793,1256
4794,72
4795,62.8
4796,706.5
4797,6.368
4798,3
4799,56.52
4800,即可
4801,12.56
4802,5
4803,7
4804,125
4805,1729.9136
4806,51
4807,942
4808,70.65
4809,1507200
4810,45.216
4811,314
4812,62.8
4813,9
4814,20
4815,512
4816,8
4817,31/40
4818,0.22
4819,0.02
4820,2.625
4821,113.04
4822,3.14
4823,1
4824,1
4825,2
4826,2.4
4827,0.001
4828,116.25
4829,144
4830,150
4831,2826
4832,616
4833,2
4834,0
4835,360
4836,120.0
4837,0.17875
4838,π
4839,9.42
4840,6
4841,40000
4842,216
4843,6444
4844,1000
4845,100
4846,2_2/3
4847,4.5
4848,696
4849,384
4850,0
4851,3
4852,36
4853,353
4854,8/15
4855,0
4856,216
4857,3000
4858,36.4
4859,1/30
4860,3
4861,50π
4862,10
4863,18
4864,20/9
4865,7.53
4866,15
4867,144/13
4868,189
4869,85
4870,84
4871,40/9
4872,50
4873,1507.2
4874,3014
4875,251.2
4876,1256
4877,3.14
4878,192000
4879,24/7
4880,28.26
4881,8
4882,0
4883,45
4884,4
4885,8
4886,24
4887,6
4888,45
4889,1
4890,5_3/3
4891,146
4892,12.56
4893,330
4894,15
4895,6
4896,8
4897,70
4898,4
4899,15/2
4900,48
4901,20
4902,102
4903,560
4904,62.8
4905,200.96
4906,20
4907,2
4908,950
4909,236
4910,9
4911,113.04
4912,12
4913,3
4914,2
4915,5
4916,28
4917,36
4918,18
4919,24
4920,50
4921,"显然不合理,说明我之前的理解有误"
4922,9.8
4923,7_2/7
4924,10
4925,9
4926,1000
4927,2736
4928,168
4929,6
4930,500
4931,0.0018
4932,900
4933,3
4934,31.5
4935,13/5
4936,38
4937,10
4938,8
4939,21/4
4940,30.72
4941,3
4942,4
4943,90
4944,405
4945,11
4946,1/2
4947,30
4948,8.875
4949,896
4950,28
4951,4
4952,100
4953,7
4954,384
4955,1/5
4956,52
4957,13
4958,18
4959,"已经出来了,没有保留分数,所以直接写数字即可"
4960,18.84
4961,180
4962,15.6%
4963,6
4964,0.9
4965,25
4966,83
4967,172
4968,52
4969,62
4970,68
4971,45
4972,68
4973,43
4974,18
4975,63
4976,21
4977,18
4978,17
4979,0.1069
4980,56
4981,9
4982,84
4983,56
4984,63
4985,18
4986,16
4987,24
4988,27
4989,12
4990,35
4991,18
4992,4
4993,5
4994,6
4995,21
4996,3
4997,"应该是相同的,因为尺子长度相同,所以每段边的长度应该相等"
4998,94
4999,4
5000,36
5001,27
5002,32
5003,60
5004,78
5005,125
5006,34
5007,23
5008,8
5009,3
5010,61
5011,47
5012,8
5013,5
5014,7
5015,16
5016,3
5017,6
5018,26
5019,8
5020,8
5021,28
5022,47
5023,6
5024,9
5025,47
5026,81
5027,19
5028,28
5029,20
5030,20
5031,22
5032,44
5033,27
5034,17
5035,10
5036,2
5037,11
5038,38
5039,48
5040,8
5041,4
5042,25
5043,31
5044,120
5045,19
5046,6
5047,4
5048,18
5049,18
5050,13
5051,3
5052,11
5053,25
5054,31
5055,91
5056,35
5057,1764
5058,56
5059,26
5060,81
5061,4
5062,55
5063,55
5064,6
5065,18
5066,30
5067,89
5068,171
5069,80
5070,3
5071,51
5072,88
5073,16
5074,24
5075,57
5076,26
5077,4
5078,42
5079,7
5080,27
5081,30
5082,35
5083,16
5084,6
5085,56
5086,32
5087,24
5088,18
5089,33
5090,4
5091,16
5092,24
5093,23
5094,8
5095,6
5096,8
5097,16
5098,15
5099,18
5100,7
5101,36
5102,6
5103,15
5104,49
5105,18
5106,33
5107,7
5108,19
5109,20
5110,16
5111,21
5112,8
5113,27
5114,46
5115,不合理
5116,50
5117,70
5118,7.86
5119,8
5120,=
5121,6400/3
5122,800
5123,6
5124,5906.67
5125,52
5126,32
5127,34
5128,700
5129,25/2
5130,6
5131,7500
5132,266
5133,36
5134,22
5135,30
5136,20.57
5137,6
5138,7
5139,6.2
5140,5.89
5141,2
5142,4.25
5143,1781
5144,4
5145,6.4
5146,40
5147,79.08
5148,1.01736
5149,53
5150,3096
5151,41
5152,360
5153,1
5154,1.488
5155,4860
5156,1561
5157,45
5158,"不纯数字,需要重新考虑"
5159,135
5160,40
5161,255
5162,180
5163,337
5164,445
5165,30
5166,24
5167,120
5168,66
5169,π
5170,215
5171,30.786
5172,0.008
5173,1
5174,15
5175,32
5176,1012.5
5177,12
5178,49
5179,1000
5180,π
5181,0.5
5182,4750
5183,60
5184,4
5185,2
5186,1450
5187,1020
5188,0.14
5189,13000000
5190,2.33
5191,1888
5192,3
5193,40
5194,35
5195,4
5196,5
5197,20
5198,58
5199,2.25
5200,960
5201,0.048
5202,18
5203,14
5204,54
5205,72.6
5206,5
5207,250
5208,6
5209,3.41
5210,60
5211,12000
5212,60
5213,10
5214,45
5215,4
5216,0
5217,50.24
5218,32
5219,保留两位小数
5220,280
5221,1
5222,400
5223,80
5224,1200
5225,36
5226,125
5227,7
5228,16
5229,2000
5230,396.335
5231,12
5232,2730
5233,24
5234,3360
5235,25200
5236,987.2
5237,9.42
5238,42
5239,27
5240,0.5
5241,2300
5242,600
5243,50.24
5244,1536
5245,64
5246,4.5
5247,26
5248,99
5249,9
5250,7
5251,720
5252,40
5253,32
5254,7
5255,76
5256,5.6
5257,53
5258,100
5259,30
5260,54
5261,1100
5262,2
5263,95
5264,0.3
5265,21
5266,7
5267,126.25
5268,306
5269,7
5270,2
5271,0
5272,6
5273,40
5274,1800
5275,34.29
5276,1498
5277,190
5278,12
5279,1824
5280,2
5281,0.32
5282,72
5283,1710
5284,45
5285,659.4
5286,25.12
5287,197.4
5288,180
5289,30
5290,108
5291,16/3
5292,-48813.075
5293,901
5294,10
5295,384
5296,90
5297,3
5298,13.5
5299,1.44
5300,45000
5301,800
5302,30
5303,10
5304,50
5305,396
5306,30
5307,36
5308,2000
5309,400
5310,120.5
5311,7.68
5312,6
5313,64/9
5314,29.2
5315,1
5316,204
5317,10
5318,160
5319,1920
5320,2900
5321,0.048
5322,48
5323,8.635
5324,32π
5325,110
5326,50
5327,36
5328,120
5329,12
5330,-4
5331,16
5332,1
5333,2720/29
5334,36
5335,7200
5336,180
5337,228
5338,52
5339,50
5340,1104
5341,300
5342,45
5343,384
5344,4.71
5345,53.76
5346,10
5347,125
5348,14
5349,250
5350,1920
5351,1200
5352,350
5353,-2600
5354,28
5355,400
5356,125
5357,-480
5358,0.16
5359,6000
5360,1.884
5361,9.5
5362,0
5363,276
5364,10
5365,50
5366,直接写数字即可
5367,1.5
5368,402736
5369,1.3856
5370,516
5371,3
5372,7
5373,6
5374,200
5375,25
5376,75
5377,2
5378,2565
5379,200
5380,36
5381,45
5382,48
5383,2112
5384,90
5385,133_3/3
5386,2
5387,480
5388,5
5389,0
5390,33
5391,272.73
5392,9000
5393,不合理
5394,7.5
5395,1.6
5396,250
5397,28880
5398,73.5
5399,带分数
5400,2245
5401,1250
5402,25
5403,1
5404,24
5405,96
5406,216
5407,400
5408,21
5409,180
5410,30
5411,11_3/3
5412,35.2
5413,89
5414,2441.2
5415,1233.2
5416,4
5417,2016
5418,480
5419,1680
5420,1560
5421,50
5422,10
5423,90
5424,1.232
5425,3.75
5426,1/6
5427,14.4
5428,60
5429,900
5430,36
5431,12
5432,150
5433,72.5
5434,1000000
5435,800
5436,1080
5437,3
5438,4
5439,4
5440,384
5441,18
5442,0
5443,48
5444,24
5445,1
5446,38
5447,2.9
5448,2.7
5449,128
5450,64
5451,96
5452,439
5453,420
5454,160
5455,24
5456,10000
5457,0.672
5458,78.5
5459,750
5460,19.25
5461,π
5462,12.48
5463,561
5464,5
5465,5
5466,8
5467,2
5468,1.7
5469,-1
5470,25
5471,6
5472,3
5473,3
5474,45%
5475,5
5476,0.4
5477,16
5478,14000
5479,18000
5480,2400
5481,14
5482,2.5
5483,3
5484,0
5485,13.5
5486,0.00006
5487,85
5488,"也是米,没有要求保留小数或分数,所以直接用数字表示即可"
5489,3
5490,11
5491,30
5492,22
5493,53
5494,29.47
5495,42
5496,500
5497,79
5498,50
5499,38
5500,422.4
5501,92
5502,9
5503,1200
5504,440
5505,4
5506,-3
5507,450
5508,305
5509,106_67/3
5510,0
5511,280
5512,32
5513,7
5514,190
5515,20
5516,105000
5517,1200
5518,20
5519,769.5
5520,32
5521,80
5522,42
5523,2080
5524,45
5525,8000
5526,420
5527,110
5528,25.5
5529,73/100
5530,52
5531,2200
5532,4775
5533,40
5534,5
5535,π
5536,5400
5537,247.5
5538,1.3
5539,120
5540,100
5541,90
5542,9
5543,0
5544,4
5545,36
5546,129.5
5547,19
5548,2.1
5549,144
5550,900
5551,511
5552,360
5553,53
5554,7
5555,6600
5556,96
5557,205
5558,1
5559,12
5560,2.5428
5561,18/10
5562,3600
5563,400
5564,12
5565,18
5566,-3.5
5567,45
5568,80
5569,600
5570,2.06
5571,700
5572,238.9
5573,14035
5574,160
5575,2
5576,15
5577,π
5578,18.6
5579,140
5580,204
5581,32
5582,58.4
5583,490
5584,120
5585,8
5586,39
5587,420
5588,120
5589,1
5590,1.5
5591,3600
5592,195
5593,1080
5594,0.24
5595,统一用米)
5596,590
5597,85
5598,6
5599,2700
5600,480
5601,4375
5602,474
5603,1.5
5604,8
5605,172.5
5606,-2600
5607,17
5608,120
5609,1240
5610,75.6
5611,29
5612,0.12
5613,6
5614,31
5615,94.2
5616,3
5617,154560
5618,66
5619,259.5
5620,6
5621,12560
5622,67
5623,2
5624,"与第一个条件一致,因此正确"
5625,3/4
5626,504
5627,280
5628,180
5629,380
5630,250
5631,1153
5632,42
5633,810
5634,400/17
5635,471
5636,117.2727
5637,942
5638,31
5639,10
5640,1.8
5641,101.2
5642,2592
5643,4
5644,10/9
5645,144
5646,7
5647,113.04
5648,63
5649,120
5650,8.75
5651,113.04
5652,120
5653,375
5654,4
5655,105
5656,200
5657,3
5658,9800
5659,500
5660,120
5661,80
5662,80
5663,5
5664,18
5665,128
5666,1/15
5667,600
5668,30
5669,3
5670,500
5671,2
5672,300
5673,60
5674,600
5675,314
5676,4986
5677,16
5678,直接写数字即可
5679,1500
5680,500
5681,1500
5682,75
5683,376.8
5684,600
5685,7056/1000
5686,25
5687,796
5688,10.56
5689,37500
5690,48
5691,2000
5692,18
5693,456
5694,2
5695,440
5696,1575
5697,1600
5698,24
5699,72
5700,11.44
5701,12
5702,40
5703,10/21
5704,210
5705,80
5706,59.5
5707,1440
5708,20.9
5709,13120
5710,18.9
5711,108
5712,112/9
5713,1600
5714,1.1
5715,219.8
5716,113
5717,2
5718,192
5719,1.75
5720,945
5721,2.2608
5722,73.7328
5723,10
5724,892
5725,105
5726,16.2
5727,600
5728,1
5729,8
5730,2
5731,"不合理(因为奶牛不能是负数),说明我之前的理解或计算有问题"
5732,7024
5733,109
5734,5702
5735,2.4375
5736,744.0544
5737,400
5738,3430
5739,45
5740,8
5741,6.4
5742,24
5743,75
5744,500
5745,1755
5746,3
5747,3
5748,180
5749,64.04
5750,702
5751,332
5752,300
5753,285
5754,210
5755,90
5756,142
5757,23
5758,50
5759,-57.6
5760,100/3
5761,0.75
5762,300
5763,98
5764,36
5765,2
5766,1470
5767,28
5768,960
5769,260
5770,75
5771,200
5772,20
5773,288
5774,24
5775,300
5776,50
5777,1
5778,24
5779,10
5780,56
5781,10
5782,192
5783,2
5784,30
5785,675
5786,-145
5787,44
5788,112750
5789,200
5790,110
5791,55
5792,10800
5793,9020
5794,10
5795,243
5796,525
5797,6
5798,0
5799,6.48
5800,378
5801,8
5802,100
5803,20.16
5804,3
5805,2
5806,40
5807,230
5808,60
5809,78.2
5810,9
5811,0.76
5812,11
5813,375
5814,227
5815,20
5816,135
5817,104
5818,2
5819,90
5820,5.4
5821,36
5822,12
5823,16
5824,28
5825,15
5826,8
5827,3
5828,960
5829,23810
5830,2550
5831,800
5832,6550
5833,1/3
5834,500
5835,15
5836,39.472
5837,2.5
5838,即可
5839,π
5840,36
5841,11
5842,30
5843,1/3
5844,270
5845,63
5846,188
5847,1600
5848,140
5849,7.72
5850,8
5851,142.90
5852,49
5853,8640
5854,27
5855,9666
5856,9000
5857,4000
5858,2940
5859,24
5860,-13
5861,0.8
5862,98.9
5863,658.35
5864,19
5865,4.58
5866,6
5867,3
5868,2
5869,就是其他所有年龄段作品
5870,15
5871,12
5872,2160
5873,16/25
5874,5
5875,20
5876,32
5877,72
5878,1.5
5879,360
5880,168/25
5881,491
5882,33
5883,499
5884,12
5885,100
5886,20/3
5887,7.875
5888,需明确速度
5889,53
5890,38
5891,210
5892,41
5893,45.5
5894,1960
5895,32
5896,750
5897,-6.6
5898,5560
5899,负数
5900,0.0002
5901,6
5902,1
5903,2.875
5904,109520
5905,160
5906,40
5907,420
5908,84
5909,7
5910,49
5911,9
5912,16
5913,33
5914,25
5915,34
5916,1/3
5917,7
5918,50
5919,60
5920,46
5921,8
5922,8
5923,18
5924,41
5925,25
5926,36
5927,10
5928,694
5929,1021
5930,5
5931,800
5932,6
5933,72
5934,42
5935,26
5936,32
5937,8
5938,6
5939,35
5940,12
5941,20
5942,10
5943,15
5944,15
5945,10
5946,10
5947,42
5948,38
5949,56
5950,9
5951,4
5952,12
5953,11
5954,9
5955,42
5956,21
5957,41
5958,82
5959,44
5960,20
5961,50
5962,18
5963,36
5964,24
5965,24
5966,16
5967,53
5968,41
5969,15
5970,72
5971,53
5972,4
5973,1
5974,10
5975,6
5976,84
5977,3
5978,2
5979,12
5980,3
5981,38
5982,9
5983,4
5984,22
5985,60
5986,9
5987,34
5988,17
5989,27
5990,10
5991,4
5992,4
5993,18
5994,18
5995,20
5996,6
5997,4
5998,8
5999,5
6000,7
6001,21
6002,6
6003,6
6004,26
6005,47
6006,6
6007,9
6008,47
6009,81
6010,19
6011,28
6012,20
6013,20
6014,22
6015,44
6016,27
6017,8
6018,4
6019,25
6020,31
6021,120
6022,19
6023,6
6024,3
6025,7
6026,18
6027,13
6028,3
6029,11
6030,25
6031,31
6032,91
6033,49
6034,1764
6035,56
6036,26
6037,81
6038,55
6039,6
6040,37
6041,51
6042,88
6043,16
6044,24
6045,57
6046,26
6047,4
6048,26
6049,21
6050,54
6051,71
6052,31
6053,63
6054,15
6055,88
6056,33
6057,7
6058,16
6059,8
6060,81
6061,81
6062,37
6063,79
6064,24
6065,18
6066,23
6067,27
6068,23
6069,24
6070,19
6071,9
6072,24
6073,80
6074,26
6075,20
6076,4
6077,20
6078,3
6079,25
6080,8
6081,6
6082,22
6083,53
6084,41
6085,37
6086,45
6087,19
6088,24
6089,31
6090,42
6091,11
6092,84
6093,40
6094,44
6095,30
6096,20
6097,35
6098,25
6099,15
6100,8
6101,8
6102,14
6103,一致
6104,10
6105,72
6106,34
6107,9
6108,6
6109,3
6110,18
6111,4
6112,19
6113,10
6114,28
6115,7
6116,81
6117,30
6118,35
6119,16
6120,6
6121,56
6122,32
6123,18
6124,33
6125,4
6126,16
6127,24
6128,23
6129,8
6130,6
6131,8
6132,16
6133,15
6134,18
6135,7
6136,36
6137,6
6138,15
6139,49
6140,18
6141,20
6142,16
6143,16
6144,27
6145,21
6146,8
6147,27
6148,46
6149,2
6150,2.1
6151,80
6152,68
6153,26
6154,720
6155,45
6156,270
6157,139
6158,492
6159,400
6160,3
6161,40
6162,150
6163,5
6164,0.8
6165,2
6166,98
6167,1791
6168,550
6169,720
6170,121
6171,81
6172,68
6173,1440
6174,30
6175,25.71
6176,385
6177,2400
6178,4.8
6179,7
6180,38
6181,27
6182,88
6183,40
6184,1000
6185,2405
6186,61
6187,6320
6188,560
6189,-65
6190,253
6191,85
6192,450
6193,15
6194,95
6195,-2880
6196,240
6197,5100
6198,1008
6199,4
6200,1.6
6201,48
6202,4
6203,18
6204,40
6205,40
6206,328
6207,9
6208,100
6209,23
6210,78
6211,136
6212,358
6213,148
6214,142
6215,270
6216,99
6217,50
6218,18
6219,5
6220,477
6221,够
6222,129
6223,39
6224,28
6225,9
6226,6
6227,9
6228,9
6229,72
6230,315
6231,362
6232,8
6233,220
6234,14
6235,2200
6236,98
6237,96
6238,113
6239,16
6240,360
6241,33
6242,210
6243,5
6244,4
6245,1015
6246,278
6247,88
6248,395
6249,150
6250,5
6251,5
6252,156
6253,200
6254,36
6255,146
6256,78
6257,100
6258,0.5
6259,25
6260,11
6261,66
6262,9
6263,768
6264,91
6265,17
6266,196
6267,1260
6268,29.4
6269,540
6270,4000
6271,99120
6272,800
6273,77
6274,41.2
6275,600
6276,4
6277,63
6278,250
6279,4
6280,1.5
6281,344
6282,186
6283,50
6284,21
6285,1.16
6286,3.22
6287,21
6288,6
6289,16
6290,32
6291,即可)第三步:求啄木鸟平均每天比山雀多吃多少只
6292,0.54
6293,150.00
6294,54.6
6295,15
6296,1200
6297,75
6298,67.7
6299,56.7
6300,22.4
6301,12
6302,307
6303,370
6304,64
6305,165
6306,14910
6307,315
6308,6
6309,74
6310,157
6311,144
6312,50
6313,363
6314,70
6315,30
6316,16
6317,9
6318,650
6319,200
6320,10
6321,64
6322,4200
6323,308
6324,1
6325,72
6326,6
6327,-2260
6328,240
6329,3150
6330,5520
6331,11120
6332,710
6333,13650
6334,4800
6335,696
6336,125
6337,900
6338,9
6339,40
6340,160
6341,40
6342,5.335
6343,440
6344,2200
6345,1
6346,7
6347,9
6348,32
6349,2
6350,20
6351,3600
6352,13
6353,7
6354,250
6355,5
6356,12
6357,1200
6358,75
6359,15
6360,16
6361,110
6362,10675
6363,30
6364,1.5
6365,7/75
6366,6
6367,8
6368,6380
6369,758
6370,30
6371,24
6372,45
6373,1/3
6374,8
6375,107
6376,714
6377,1872
6378,1.8
6379,4
6380,14
6381,20
6382,12
6383,7000
6384,2
6385,100
6386,71
6387,6000
6388,2.5
6389,1.2
6390,60
6391,0.6
6392,4
6393,12
6394,100
6395,相同
6396,6720
6397,5.2
6398,5.3
6399,不变
6400,158
6401,800
6402,20
6403,6
6404,200
6405,240
6406,675
6407,10800
6408,660
6409,20000
6410,12000
6411,0.7
6412,2500
6413,7/20
6414,0.064
6415,1.9458
6416,140.1
6417,22.8
6418,1950
6419,24
6420,6480
6421,708
6422,3960
6423,40
6424,210
6425,8
6426,750
6427,180
6428,68.5
6429,直接用数字即可
6430,486
6431,8
6432,5
6433,1080
6434,40
6435,120
6436,192
6437,4050
6438,18
6439,17
6440,1200
6441,无超载
6442,8
6443,10
6444,40
6445,48.5
6446,9.42
6447,188.8
6448,16
6449,130
6450,294.4
6451,32
6452,38
6453,19
6454,65
6455,10.8
6456,90
6457,1.65
6458,28.8
6459,648
6460,320
6461,7.5
6462,"用数字表示,不需要带单位,但通常保留小数也可以"
6463,110
6464,3200/3
6465,80
6466,2
6467,10
6468,99
6469,21
6470,20
6471,40
6472,26
6473,10
6474,7
6475,4
6476,7.5
6477,9
6478,5/4
6479,0.18
6480,33
6481,-33
6482,48
6483,6772
6484,52
6485,300
6486,8
6487,49
6488,480
6489,36
6490,4
6491,219.8
6492,60
6493,105
6494,52500
6495,62.8
6496,94
6497,7850
6498,29.8
6499,24.2
6500,44
6501,1500
6502,20/3
6503,48/41
6504,24
6505,600
6506,139
6507,180
6508,100
6509,16
6510,35
6511,140
6512,256
6513,335
6514,368
6515,16/3
6516,242
6517,154
6518,1.05
6519,3050
6520,17
6521,1568
6522,5
6523,1.73
6524,188
6525,4
6526,1440
6527,31.5
6528,62
6529,91
6530,1050
6531,420
6532,32
6533,12
6534,1350
6535,30
6536,176
6537,54
6538,170
6539,15
6540,160
6541,25
6542,1680
6543,222
6544,5
6545,4.7
6546,700
6547,200
6548,147
6549,375
6550,16
6551,1872
6552,206
6553,10
6554,4
6555,648
6556,83
6557,27
6558,69
6559,4
6560,15
6561,660
6562,2.27
6563,16
6564,616
6565,35
6566,24
6567,17
6568,22875
6569,80
6570,160
6571,45
6572,3800
6573,8100
6574,即可
6575,1908
6576,900
6577,160.1
6578,4410
6579,9
6580,40
6581,360
6582,85
6583,2520
6584,4
6585,8
6586,576
6587,36
6588,46.2
6589,8
6590,12672
6591,1330
6592,40
6593,130
6594,900
6595,85
6596,128
6597,6.7
6598,306
6599,2730
6600,2788
6601,2020
6602,52
6603,328
6604,38
6605,215
6606,18750
6607,120
6608,18.5
6609,12.5
6610,120
6611,2560
6612,4
6613,24
6614,462
6615,1050
6616,600
6617,825
6618,37
6619,356
6620,4
6621,9
6622,4
6623,576
6624,1320
6625,6
6626,13000
6627,285
6628,600
6629,60
6630,824
6631,26.4
6632,72
6633,70.5
6634,6
6635,6.5
6636,30
6637,15
6638,24
6639,23800
6640,75
6641,6.25
6642,1610
6643,24
6644,552
6645,2
6646,6800
6647,6960
6648,13870
6649,33
6650,414
6651,48
6652,25
6653,615
6654,231
6655,"取负号,表示便宜的钱数"
6656,26
6657,20
6658,205
6659,540
6660,25
6661,266
6662,4
6663,7
6664,285
6665,8
6666,126
6667,832
6668,67
6669,26
6670,1050
6671,1872
6672,60
6673,612
6674,138
6675,287
6676,33.75
6677,379
6678,79200
6679,770
6680,80
6681,1400
6682,472
6683,21
6684,606
6685,128
6686,525
6687,252.5
6688,4.9
6689,732
6690,3
6691,53
6692,17.9
6693,560
6694,240
6695,56
6696,26
6697,2700
6698,1152
6699,-10.3
6700,47
6701,600
6702,980
6703,13
6704,4840
6705,5
6706,67.5
6707,23
6708,18.72
6709,49.5352
6710,18000
6711,10
6712,23
6713,-8
6714,9
6715,7
6716,16
6717,17
6718,18
6719,23
6720,85
6721,3216
6722,225
6723,"显然不成立,因为负数不符合实际意义(货物数量不能为负)"
6724,248
6725,2440
6726,80
6727,5
6728,18
6729,1
6730,21
6731,29
6732,8
6733,12
6734,19
6735,48
6736,52
6737,79
6738,38
6739,96
6740,10
6741,41
6742,-21
6743,32
6744,12
6745,-15
6746,2
6747,3
6748,30
6749,32
6750,-21
6751,4
6752,29
6753,35
6754,36
6755,80
6756,37
6757,8
6758,29
6759,17
6760,35
6761,45
6762,6
6763,20
6764,-4
6765,48
6766,4
6767,70
6768,4
6769,4
6770,6
6771,6
6772,39
6773,60
6774,20
6775,6
6776,9
6777,45
6778,0.5
6779,17
6780,5
6781,17
6782,45
6783,-43
6784,9
6785,72
6786,4
6787,50
6788,8
6789,59
6790,87
6791,6
6792,18
6793,79
6794,54
6795,10
6796,38
6797,24
6798,35
6799,39
6800,61
6801,20
6802,200
6803,22
6804,无答案
6805,119
6806,40
6807,100
6808,10
6809,27
6810,37
6811,66
6812,50
6813,42
6814,33
6815,47
6816,9
6817,25
6818,47
6819,81
6820,37
6821,11
6822,31
6823,23
6824,3
6825,28
6826,30
6827,38
6828,12
6829,28
6830,33
6831,80
6832,57
6833,14
6834,36
6835,42
6836,22
6837,16
6838,24
6839,6
6840,5
6841,35
6842,7
6843,6
6844,13
6845,12
6846,7
6847,18
6848,4
6849,18
6850,7
6851,17
6852,8
6853,4
6854,6
6855,17
6856,9
6857,8
6858,0.00027912
6859,178
6860,1360
6861,60
6862,100
6863,5670
6864,680
6865,10
6866,-2
6867,95%
6868,1008
6869,400
6870,64
6871,304
6872,否合理
6873,1500
6874,3600
6875,144
6876,12
6877,8
6878,260
6879,70
6880,200
6881,6000
6882,108
6883,15
6884,0
6885,97/20
6886,220
6887,1000
6888,60
6889,7.1
6890,75
6891,48
6892,40
6893,90
6894,6
6895,70
6896,8
6897,1680
6898,5652
6899,125
6900,36
6901,1.6
6902,5652
6903,58
6904,1
6905,204
6906,8
6907,45
6908,60
6909,625
6910,37
6911,810
6912,40
6913,96%
6914,10/11
6915,0.02
6916,299994
6917,8
6918,1369/1250
6919,一致
6920,2/16
6921,5
6922,1.5
6923,27
6924,3025
6925,32
6926,14
6927,5500
6928,12.56
6929,1296
6930,280
6931,0.9
6932,70
6933,40
6934,2.6
6935,13
6936,13.5
6937,40
6938,13
6939,8
6940,25%
6941,200
6942,400
6943,115%
6944,10
6945,28
6946,90/17
6947,3
6948,16/7
6949,2
6950,300/11
6951,31.4
6952,162
6953,126
6954,3.3
6955,75
6956,10
6957,28.57
6958,9
6959,6
6960,150
6961,96
6962,7500
6963,220
6964,5
6965,80
6966,84
6967,75.615
6968,88
6969,36
6970,12
6971,40
6972,3.6
6973,60.8
6974,36
6975,160
6976,13
6977,46
6978,288
6979,8
6980,28
6981,33.33%
6982,950
6983,6000
6984,1.25
6985,"显然不成立,说明我之前的计算有问题"
6986,2400
6987,140
6988,20
6989,21.25
6990,4500
6991,1600
6992,120
6993,30
6994,270
6995,2600
6996,1300
6997,52.8
6998,30
6999,0
7000,7
7001,0.6
7002,1
7003,20
7004,512
7005,20
7006,400
7007,180
7008,16%
7009,7.2
7010,123
7011,178.736
7012,625
7013,150
7014,44
7015,608
7016,1.5
7017,2.512
7018,24800
7019,1620
7020,50
7021,100.58
7022,100
7023,84
7024,2π
7025,300
7026,180
7027,2.612
7028,20%
7029,1509.6
7030,38
7031,1/5
7032,0.168
7033,60
7034,25%
7035,96
7036,24/5
7037,5.89%
7038,3200
7039,717
7040,300/13
7041,780
7042,490
7043,345
7044,60
7045,9
7046,270
7047,96
7048,60
7049,5
7050,158
7051,1560
7052,9
7053,2
7054,16
7055,80
7056,28.26
7057,0.78
7058,18
7059,0.28
7060,83.33%
7061,18
7062,22.80
7063,38.4
7064,50
7065,3.7
7066,2800
7067,1.54
7068,12
7069,27.333
7070,28.26
7071,6
7072,350
7073,12.5
7074,10.714%
7075,6
7076,660
7077,50
7078,2500
7079,1.5
7080,20.25
7081,92_1/19
7082,60
7083,1050
7084,6/5
7085,9
7086,280
7087,10.8
7088,12
7089,35
7090,96
7091,100
7092,12
7093,1944
7094,12_857/100
7095,64
7096,10.4
7097,60
7098,78.5
7099,20
7100,47580
7101,400
7102,0.39
7103,5
7104,3
7105,1.4
7106,392.5
7107,0.5
7108,5
7109,75
7110,1/3
7111,20
7112,59.215
7113,25
7114,449/57
7115,60
7116,1080
7117,251.2
7118,也要写成整数
7119,57
7120,4.8
7121,431
7122,445
7123,56
7124,32
7125,6
7126,540
7127,80
7128,48
7129,95
7130,12.56
7131,17
7132,20
7133,400
7134,188
7135,65
7136,9
7137,120
7138,250
7139,56
7140,1.31
7141,5.416
7142,600
7143,10%
7144,15.5
7145,28
7146,92%
7147,30%
7148,11
7149,32
7150,6
7151,23.8
7152,340
7153,7
7154,10
7155,11/16
7156,110
7157,58
7158,123
7159,9.6
7160,36
7161,1375
7162,3.5
7163,4
7164,96
7165,10.5
7166,109200
7167,240
7168,37.5
7169,24
7170,12
7171,1.6
7172,320
7173,52%
7174,10%
7175,45
7176,8
7177,1000
7178,2100
7179,182
7180,1004
7181,522.5
7182,1400
7183,555
7184,30
7185,73
7186,9
7187,768
7188,13
7189,582
7190,97
7191,0.48
7192,5225
7193,477.28
7194,6160
7195,4.75
7196,0
7197,144
7198,27
7199,90
7200,0
7201,2.5
7202,5760
7203,108
7204,90
7205,直接写数字即可
7206,99.5
7207,77
7208,9600
7209,426
7210,306
7211,4.15
7212,60
7213,1.05
7214,300/240
7215,31.4
7216,400
7217,62.8
7218,21.98
7219,710
7220,40
7221,2128
7222,15
7223,7.5%
7224,62.5
7225,0.005
7226,13.78
7227,3
7228,32
7229,30
7230,16%
7231,540
7232,300
7233,0.365
7234,1.5
7235,90
7236,13.84
7237,100
7238,105
7239,1.1
7240,8
7241,224
7242,33
7243,6160
7244,10
7245,630
7246,200
7247,9.6
7248,168
7249,2000
7250,24300
7251,4
7252,36
7253,1.8
7254,0.0000333
7255,119
7256,也是立方厘米
7257,340
7258,1200
7259,167
7260,60
7261,48
7262,18
7263,4
7264,848
7265,1250
7266,66
7267,3200
7268,3
7269,10400
7270,4
7271,113.16
7272,4/3
7273,40
7274,41.4
7275,105
7276,50
7277,125
7278,7.8125
7279,400
7280,5
7281,90
7282,240
7283,50%
7284,30
7285,30
7286,12
7287,21
7288,5
7289,190
7290,5
7291,3000
7292,2075
7293,135
7294,7_34/100
7295,29.4
7296,240
7297,15
7298,1088
7299,55
7300,40
7301,73/80
7302,15
7303,120
7304,500000
7305,180
7306,180
7307,800
7308,275
7309,1.9
7310,0.07
7311,66667
7312,74
7313,279/11
7314,109.95
7315,70
7316,70
7317,240
7318,630
7319,314
7320,"会更负数,但题目没有明确说篮球更大,通常这种题是问“便宜多少钱”"
7321,90
7322,-480
7323,50
7324,190
7325,4
7326,2800
7327,0.4
7328,10
7329,16
7330,12
7331,280
7332,1.84
7333,1
7334,3300
7335,26
7336,5040
7337,38.4
7338,19/112
7339,110
7340,4547.5
7341,61
7342,53
7343,4
7344,108
7345,π
7346,182.8
7347,5750
7348,78.5
7349,1540
7350,900
7351,28
7352,480
7353,12
7354,1000
7355,660
7356,94.088
7357,323
7358,17775
7359,45
7360,10
7361,940
7362,778
7363,8
7364,90
7365,47
7366,4500
7367,0
7368,37.2
7369,72
7370,12
7371,3
7372,720
7373,48
7374,72
7375,40/9
7376,67/100
7377,53.616
7378,50
7379,1507.2
7380,1600
7381,10
7382,4960
7383,15/2
7384,5
7385,4754930.856
7386,32
7387,1000
7388,3.14
7389,14.25
7390,6
7391,0.03
7392,1440
7393,1256
7394,240
7395,480
7396,10080
7397,112
7398,4
7399,60
7400,64
7401,2.4
7402,16.5
7403,20
7404,180
7405,288
7406,4.375
7407,9
7408,10
7409,102
7410,756
7411,11
7412,100
7413,125
7414,1145
7415,3
7416,1.11
7417,够
7418,195
7419,-4/4
7420,104
7421,2.8
7422,9
7423,54
7424,115
7425,450
7426,5
7427,8/7
7428,2
7429,90
7430,99%
7431,480
7432,42
7433,7
7434,50.65
7435,200
7436,672
7437,11
7438,17
7439,6
7440,800
7441,4
7442,180
7443,每平方米)
7444,233.333
7445,1.6
7446,一般取近似值或分数形式
7447,180
7448,7200
7449,7500
7450,78.5
7451,190
7452,0.6364
7453,240
7454,4
7455,81
7456,60%
7457,20
7458,3.14
7459,4.8
7460,500
7461,360
7462,44
7463,4368
7464,-3.1
7465,35
7466,360
7467,4.8
7468,125
7469,30
7470,314
7471,50.24
7472,30
7473,0.2125
7474,153
7475,12
7476,520
7477,10
7478,38
7479,5.6
7480,29
7481,49.5
7482,50
7483,400
7484,13175
7485,156
7486,34/27
7487,27
7488,200/38
7489,8000
7490,15
7491,1337
7492,56
7493,80
7494,90
7495,24
7496,4.8
7497,450
7498,3.3
7499,3/2
7500,9.42
7501,3.25
7502,0.63
7503,30
7504,45/155
7505,173
7506,32/7
7507,2400
7508,34
7509,210
7510,0.125
7511,13.32
7512,2550
7513,8
7514,100
7515,65%
7516,69
7517,115
7518,0.5
7519,0.00275
7520,1895
7521,3020
7522,1413
7523,16
7524,744
7525,24
7526,5820
7527,0.0675
7528,2.5
7529,44
7530,9
7531,115/3
7532,22.5
7533,640
7534,2240
7535,417.6
7536,885
7537,56.16
7538,4
7539,4.7
7540,107
7541,17265.5
7542,1224
7543,240
7544,60
7545,80
7546,30
7547,75.36
7548,675
7549,56.52
7550,48
7551,1884
7552,115
7553,65
7554,95
7555,24.166
7556,54
7557,180
7558,96
7559,9
7560,0
7561,30
7562,120
7563,147
7564,41
7565,384
7566,99
7567,1.25
7568,600
7569,930
7570,10
7571,10
7572,25.72
7573,48
7574,8760
7575,9
7576,10
7577,150.72
7578,37.05
7579,2/3
7580,50
7581,126
7582,29.4
7583,135
7584,150000
7585,900
7586,39.25
7587,36
7588,40
7589,182
7590,8
7591,17
7592,120
7593,6.5
7594,2
7595,6318
7596,8
7597,18
7598,6
7599,46
7600,5
7601,10
7602,72.64
7603,24
7604,16
7605,106
7606,0.512
7607,10000
7608,40
7609,35
7610,1/24
7611,3.4
7612,34
7613,68
7614,7.52
7615,2.16
7616,10
7617,8
7618,3
7619,32
7620,7
7621,分数形式
7622,100
7623,2
7624,只是长度单位不同
7625,3
7626,512
7627,57.5
7628,36.55
7629,0.3
7630,3.37
7631,3.8
7632,343
7633,320
7634,45
7635,85%
7636,512
7637,13.5
7638,120
7639,69
7640,29/25
7641,3/5
7642,8/8
7643,18
7644,+18
7645,20
7646,18/25
7647,34
7648,1/2
7649,5/1
7650,1120
7651,3000
7652,0.001
7653,1.5
7654,36
7655,2400
7656,1
7657,64
7658,20
7659,10.4
7660,960
7661,35.3
7662,7/5
7663,3/8
7664,2
7665,2/5
7666,1/1
7667,8900
7668,8
7669,98
7670,21
7671,149
7672,30
7673,52
7674,10
7675,505
7676,4
7677,2520
7678,10/9
7679,1.4
7680,1.6
7681,4068
7682,750
7683,6
7684,100
7685,2
7686,800
7687,3488
7688,4/5
7689,35
7690,1800
7691,64
7692,8280
7693,5
7694,3
7695,534000
7696,9.6
7697,40
7698,4
7699,26
7700,5
7701,260
7702,7
7703,9.5
7704,13.35
7705,33/4
7706,3045
7707,30
7708,28
7709,148
7710,72
7711,1/4
7712,25
7713,11/24
7714,2
7715,48
7716,42
7717,6.68
7718,7/24
7719,60
7720,19
7721,34.552
7722,8
7723,120
7724,1350
7725,15
7726,9/50
7727,5.8
7728,222
7729,6
7730,140
7731,882
7732,22.5
7733,0.3
7734,240
7735,405
7736,3.5
7737,6
7738,200/3
7739,20
7740,86
7741,135
7742,36
7743,85
7744,560
7745,20
7746,39
7747,9
7748,-48
7749,42
7750,9
7751,700
7752,1.8
7753,7579
7754,12.5
7755,405.150625
7756,1
7757,100
7758,135
7759,86_1/30
7760,9
7761,5.6
7762,400
7763,144
7764,4
7765,6
7766,2
7767,32800
7768,83
7769,192
7770,230
7771,2865
7772,21/20
7773,200
7774,72
7775,0
7776,1214
7777,70
7778,15/4
7779,60
7780,3.2
7781,512
7782,5099
7783,22
7784,220
7785,92
7786,191
7787,120
7788,900
7789,15000
7790,896.4
7791,29
7792,250
7793,4/7
7794,10
7795,15
7796,16
7797,4487
7798,1260
7799,2400
7800,125/3
7801,60
7802,10000
7803,1/4
7804,35
7805,66
7806,20
7807,222
7808,36.5
7809,180
7810,2.8
7811,80
7812,2
7813,300.3
7814,7
7815,59
7816,5/4
7817,14
7818,240
7819,2550
7820,25
7821,9/10
7822,5416
7823,1026
7824,0.2
7825,30
7826,1/6
7827,2/3
7828,80000
7829,5
7830,72
7831,1140
7832,2
7833,23
7834,930000000
7835,82
7836,3/16
7837,21
7838,16800
7839,3
7840,142
7841,21/32
7842,6
7843,35
7844,100
7845,24/7
7846,14.8
7847,135
7848,5
7849,835
7850,不够
7851,9/16
7852,570
7853,7
7854,140
7855,1
7856,4
7857,14/8
7858,48
7859,280
7860,62
7861,4/15
7862,336
7863,3
7864,11.6
7865,0
7866,17
7867,9
7868,40/9
7869,3
7870,180
7871,3/4
7872,1000
7873,12.6
7874,28
7875,6/12
7876,9/2
7877,7
7878,8
7879,11
7880,3/8
7881,150
7882,-187.5
7883,3/5
7884,2/15
7885,3
7886,96
7887,7/18
7888,12
7889,9
7890,8
7891,0.5
7892,6
7893,765
7894,200.666
7895,131.666
7896,8730
7897,160
7898,240
7899,4
7900,11
7901,115.2
7902,5
7903,20
7904,5.42
7905,3
7906,632
7907,200
7908,24/7
7909,4
7910,8
7911,1/54
7912,4
7913,0.0186
7914,2700
7915,3/4
7916,10
7917,96
7918,1/4
7919,864
7920,9/20
7921,0.1
7922,3/16
7923,1/4
7924,2.4
7925,324
7926,150
7927,900
7928,13
7929,360
7930,50
7931,178.125
7932,4/5
7933,24
7934,77
7935,就是分子除以分母得到小数形式
7936,3/5
7937,40%
7938,1000
7939,8
7940,7
7941,5
7942,5/12
7943,8/3
7944,300
7945,435
7946,6.6
7947,1
7948,18
7949,35
7950,0.5
7951,214.2857/8
7952,1
7953,162
7954,100
7955,86
7956,58
7957,2542
7958,2.2
7959,230
7960,17/10
7961,10
7962,300
7963,2
7964,7000
7965,6
7966,5
7967,15
7968,否合理
7969,14_1/3
7970,54
7971,5
7972,624
7973,1
7974,4
7975,260
7976,27
7977,200
7978,20
7979,0.04
7980,42
7981,392
7982,25
7983,0
7984,6
7985,70
7986,1
7987,285.9375
7988,5/7
7989,144000
7990,510
7991,72
7992,8
7993,1200
7994,193
7995,79/60
7996,15
7997,0
7998,1/7
7999,0
