0,2000.00
1,20
2,2
3,42
4,8
5,750
6,600
7,2450
8,2.8
9,3
10,46
11,10.5
12,4.44
13,56
14,81
15,8272
16,16
17,23.9
18,300
19,20
20,27
21,5
22,40
23,50
24,540
25,40
26,30
27,32
28,0.628
29,1950
30,20.4
31,60
32,48
33,15
34,24
35,20.0
36,480
37,32
38,50%
39,34
40,2
41,36
42,500
43,400
44,4
45,17
46,245
47,284
48,900
49,858
50,704
51,8
52,135
53,280
54,7008
55,240
56,400
57,125
58,568
59,2
60,15
61,686
62,300
63,270
64,26480
65,705
66,12000
67,400
68,3480
69,765
70,3.2
71,513.6
72,6600
73,25/24
74,225
75,25
76,2500
77,49/200
78,24
79,204
80,2.5
81,20
82,58
83,28
84,200
85,30%
86,15
87,30
88,249
89,548
90,24.3
91,20
92,8
93,1735
94,968
95,300.4
96,4
97,240
98,20
99,264
100,2259.2
101,20000
102,3486
103,28
104,4
105,90
106,5/9
107,20000
108,70.9
109,24
110,7/5
111,1200
112,424
113,80
114,20
115,340
116,2
117,573
118,288
119,4
120,2.54
121,26
122,50
123,59
124,450
125,90%
126,240
127,3
128,49
129,235
130,7/9
131,3041
132,20
133,17
134,800
135,25
136,995
137,3200
138,3
139,522
140,410
141,400
142,24
143,84
144,7031.5
145,230
146,3
147,24000
148,2880
149,7
150,3/9
151,235
152,30
153,145
154,4000
155,1/4
156,2.5
157,900
158,48
159,2400
160,30
161,40
162,19
163,3.14
164,20
165,4050
166,28
167,25
168,2
169,432
170,3
171,5
172,14
173,12
174,3/10
175,48
176,24
177,25
178,32
179,20
180,3
181,36
182,24
183,27
184,90%
185,460.5
186,125
187,0.7
188,30
189,2
190,245
191,304.72
192,9420
193,900
194,1
195,291.4
196,704
197,27.95
198,300
199,49
200,1200
201,282
202,27
203,3/7
204,20
205,30
206,3/9
207,7
208,590
209,651
210,1
211,1000
212,102
213,30000
214,6
215,612
216,16
217,102
218,60000
219,0
220,196
221,233
222,2400
223,12
224,2
225,208
226,222
227,9
228,0.8
229,28.8
230,290
231,593
232,3150
233,207
234,342
235,270
236,735
237,360
238,3/18
239,205
240,916
241,2000000
242,20
243,5000
244,4
245,3/5
246,50
247,25/24
248,1000
249,7
250,20.4
251,2000
252,2723.8
253,11.4
254,95
255,3000
256,128
257,3
258,210
259,4
260,2760
261,540
262,40
263,12
264,3
265,20
266,25%
267,16
268,26
269,470
270,250000
271,100000
272,75
273,12
274,520
275,2
276,291
277,24
278,48
279,630
280,28
281,2
282,7.25
283,8
284,59
285,24
286,240
287,558
288,396
289,50000
290,236
291,5
292,20
293,464
294,20
295,8
296,30
297,3
298,4
299,91
300,254
301,5
302,8
303,54
304,216
305,62.8
306,36
307,12
308,30
309,2
310,37.64
311,750
312,42
313,4/7
314,6
315,30
316,30.0
317,3
318,900
319,3/5
320,2.3
321,216
322,1
323,39
324,3/7
325,4
326,3450
327,32.95
328,35
329,1
330,2387.5
331,334000
332,160000
333,300
334,5/7
335,47944
336,24
337,540
338,10
339,1000
340,20.0
341,20
342,4
343,3
344,"负数,说明芳芳没有"
345,40
346,24
347,4
348,4250
349,0.8
350,0.32
351,600
352,105
353,1563
354,56
355,2
356,363
357,2
358,70
359,14
360,11304
361,10
362,2500
363,72
364,4
365,540
366,1
367,24
368,1/4
369,349
370,150
371,562
372,49
373,30
374,124
375,2700
376,640
377,2.54
378,2589
379,2.5
380,70
381,37
382,4/5
383,24
384,50000
385,1360
386,45
387,34.5
388,200
389,19
390,3
391,1260
392,320
393,450
394,75
395,200
396,50
397,4
398,206
399,13
400,39
401,320
402,864
403,2
404,790
405,32
406,4
407,4/5
408,4
409,3.14
410,3
411,3
412,3/8
413,800
414,30
415,54
416,200
417,288
418,2700
419,90
420,30%
421,10
422,300
423,205
424,2.4
425,3.72
426,20
427,2560
428,109
429,250
430,285
431,220
432,304
433,174
434,810
435,5
436,544
437,44
438,1.275
439,9300
440,3/8
441,79
442,410
443,350
444,30
445,378
446,3/5
447,0.9
448,20
449,16
450,269
451,23
452,2%
453,200000
454,30
455,133
456,90
457,4
458,38
459,405
460,24
461,4
462,31
463,492
464,90
465,21
466,150
467,82
468,21
469,30
470,20
471,16
472,350
473,3.14
474,1
475,30
476,534
477,2.1
478,1152
479,297
480,4
481,533
482,39/20
483,1
484,2100
485,140
486,420
487,540
488,9
489,43
490,3
491,96
492,300
493,200
494,440
495,2489.6
496,30000
497,3
498,80
499,1344
500,152
501,305
502,300
503,25
504,2055
505,829
506,100.0
507,240
508,100
509,9
510,4.5
511,8
512,20%
513,3
514,540
515,400
516,35
517,4
518,2
519,300
520,670
521,234
522,355
523,300.5
524,5/8
525,200
526,200
527,50.8
528,20
529,314
530,40
531,2
532,45
533,30.9
534,45
535,4500000
536,1.44
537,2
538,7
539,28
540,520
541,20000
542,216
543,450
544,400
545,200
546,2.4
547,30
548,100
549,24
550,1730
551,37.68
552,204
553,3
554,2200
555,200
556,8
557,3
558,31.4
559,39.44
560,36.6
561,9
562,4.5
563,32
564,29
565,60
566,2800
567,1/21
568,300
569,3000
570,266
571,13.2
572,17000
573,30
574,15
575,2
576,3
577,1.6
578,90
579,132
580,400
581,45
582,330.9
583,120
584,8
585,3
586,9
587,44
588,80
589,2400
590,41
591,16
592,32
593,3
594,2
595,50.24
596,0.9
597,220
598,0.90
599,27000
600,2340
601,1
602,4
603,20
604,20
605,30/50
606,300
607,3
608,4
609,220
610,15
611,5
612,58
613,270
614,10.0
615,2
616,42.70
617,5
618,28.25
619,2
620,99.4
621,5%
622,320
623,204
624,304
625,30
626,2000
627,900
628,15
629,48
630,9
631,314.14
632,2.5
633,2000
634,1
635,90%
636,80%
637,37.5%
638,80.0%
639,50.0
640,30.0
641,240
642,20
643,24
644,450
645,32
646,2400
647,14
648,0.00028333
649,36
650,280
651,27
652,3
653,8
654,80%
655,49
656,40.0
657,92%
658,12
659,90%
660,135
661,200
662,1250
663,80%
664,120
665,1094.5
666,10
667,20
668,2
669,458400
670,42
671,3
672,54
673,34
674,5
675,80%
676,20
677,26
678,80%
679,98%
680,200
681,100
682,480
683,300
684,2
685,25
686,720
687,1
688,360
689,25.5
690,400/1.25
691,1200
692,202
693,9
694,24
695,304
696,8
697,24
698,49/40
699,59
700,48
701,24
702,8
703,30
704,7
705,8
706,90%
707,5/8
708,32
709,230
710,20480
711,1.5
712,2.4
713,2.4
714,8%
715,5000000
716,1.2
717,2
718,72
719,240
720,45000000
721,39.44
722,24.5
723,20
724,24
725,17
726,340
727,37
728,25
729,300
730,240
731,30
732,32
733,28
734,34
735,13.5
736,5
737,20
738,25
739,160
740,95%
741,4.5
742,3/8
743,12
744,60
745,2000
746,30
747,34.5
748,3
749,203
750,3
751,40
752,40
753,2.5
754,280
755,3000
756,2
757,96
758,18
759,40000
760,700
761,20
762,205.32
763,30.5
764,24
765,540.0
766,200000.0
767,3.44
768,2000
769,20
770,888
771,8
772,203.5
773,30.5
774,250000
775,3
776,4
777,360
778,50
779,4
780,2
781,28320
782,39840
783,20
784,1170
785,1528
786,37.68
787,4
788,200
789,240
790,80%
791,270
792,245
793,80
794,89.02
795,2800
796,2
797,300
798,2
799,800
800,370.5
801,200
802,30.0
803,72
804,580
805,34.4
806,30
807,204
808,3
809,30
810,4.5
811,2
812,200
813,37.68
814,3
815,2800
816,4200
817,20
818,4
819,30
820,44
821,800
822,88
823,300
824,31.4
825,92.5
826,4.3
827,1/3
828,3
829,20
830,3.6
831,240
832,270
833,2.5
834,38
835,2400
836,30
837,25920
838,20
839,4
840,9
841,4
842,2
843,3840
844,546
845,48
846,38
847,42
848,3200
849,2
850,720
851,2000
852,20
853,24
854,720
855,13
856,40
857,120
858,24
859,24
860,30
861,400
862,32
863,2/7
864,6
865,14.5
866,300
867,25
868,24.5
869,2.5
870,3
871,100
872,3
873,56
874,38
875,30
876,2000
877,5%
878,0.5
879,3.14%
880,200
881,300
882,300
883,3
884,108
885,-8
886,480
887,314
888,20
889,39
890,2.0
891,270
892,32.8
893,2.4
894,24
895,20
896,300
897,20
898,32
899,0.024
900,4800/1.2
901,22700
902,4.78
903,225
904,20
905,50
906,300
907,3
908,9
909,3.14
910,45
911,3.09
912,1
913,23
914,23.9
915,370
916,251200
917,340
918,37.64
919,2.7
920,320
921,3
922,4
923,90%
924,200
925,540
926,90%
927,240.75
928,24
929,34.6
930,3000
931,3000
932,120
933,3.14
934,4.8
935,250
936,90
937,50
938,7.80
939,4
940,4
941,19
942,204
943,48
944,80
945,2/5
946,465
947,5
948,270
949,72
950,0.32
951,40
952,32
953,+1
954,300
955,20
956,40
957,300
958,8000.0
959,2.5
960,2.25
961,9
962,704
963,30000
964,20
965,48
966,14.4
967,400
968,450
969,3
970,2000
971,45
972,350
973,2
974,21
975,30
976,70
977,20
978,38.5
979,780
980,134.30
981,12
982,0.03
983,248
984,5.4%
985,30
986,480
987,15
988,8
989,810
990,480
991,2520
992,581
993,42
994,0.2%
995,2040
996,25/49
997,27
998,18
999,2/5
1000,2
1001,2000
1002,260
1003,9
1004,27
1005,30%
1006,20
1007,5.6
1008,8000
1009,20%
1010,4.5
1011,56
1012,312.5
1013,30%
1014,20
1015,8
1016,2
1017,20.0
1018,400
1019,4/3
1020,84
1021,20%
1022,33.3%
1023,200
1024,90
1025,4080
1026,1300
1027,30
1028,44
1029,52
1030,20
1031,3.48
1032,28
1033,9
1034,200
1035,360
1036,0.3
1037,40
1038,400
1039,25
1040,3.5
1041,4000
1042,2.5
1043,2.5
1044,3.28
1045,343
1046,3/4
1047,54
1048,52904
1049,300
1050,15
1051,25
1052,240
1053,20
1054,2400
1055,10000
1056,3
1057,37.64
1058,23/32
1059,259.2
1060,394.8
1061,50
1062,2.89
1063,4
1064,30
1065,60
1066,32
1067,4.5
1068,30
1069,225
1070,55
1071,25
1072,52
1073,356
1074,1/5
1075,9540
1076,15
1077,204
1078,0.6
1079,36
1080,2400
1081,27
1082,2
1083,120
1084,45
1085,3.4
1086,3/20
1087,300
1088,四分之九米
1089,0.12
1090,480
1091,45
1092,4750
1093,80
1094,2400
1095,3
1096,12
1097,3/8
1098,200
1099,24
1100,3/7
1101,48
1102,405
1103,20
1104,12
1105,1/7
1106,200
1107,32
1108,20.4
1109,8
1110,35
1111,0.75
1112,3.8
1113,50%
1114,200
1115,340
1116,30
1117,2
1118,12
1119,3
1120,18
1121,30
1122,48
1123,3.5
1124,59
1125,11
1126,6
1127,3.2
1128,3.14
1129,2.5
1130,0.22
1131,44
1132,30
1133,2
1134,88
1135,45
1136,30.08
1137,30
1138,2880
1139,250
1140,9000
1141,27
1142,20
1143,360
1144,15
1145,36
1146,300
1147,804
1148,500
1149,2.3
1150,20.5
1151,40
1152,2/5
1153,770
1154,36
1155,270
1156,4
1157,3
1158,554
1159,3
1160,31.5
1161,4
1162,24
1163,45
1164,8950
1165,9
1166,4
1167,30
1168,194
1169,3
1170,15.7%
1171,300
1172,48
1173,85%
1174,1.5
1175,84%
1176,2
1177,20
1178,28000
1179,44
1180,30
1181,30000
1182,18
1183,50
1184,340
1185,240
1186,3
1187,39
1188,450
1189,59
1190,30000
1191,300
1192,2.7
1193,30000
1194,32
1195,20%
1196,60
1197,1500
1198,360
1199,314.16
1200,4
1201,40
1202,1187
1203,20%
1204,500
1205,24.0
1206,24
1207,240
1208,4
1209,5
1210,3000
1211,9
1212,2430
1213,30%
1214,90
1215,2400
1216,1/3
1217,24
1218,24
1219,2500
1220,90%
1221,45
1222,2.25
1223,54.6
1224,30
1225,30.78
1226,3.14
1227,2800
1228,4
1229,240
1230,8
1231,8
1232,48
1233,256
1234,270
1235,300
1236,208
1237,80
1238,4
1239,3
1240,32%
1241,4
1242,5200
1243,40
1244,585
1245,24
1246,85
1247,46
1248,45
1249,580
1250,27
1251,45
1252,23
1253,14
1254,36
1255,8
1256,30
1257,80
1258,24
1259,20
1260,83
1261,22
1262,4
1263,3
1264,24
1265,36
1266,6
1267,2
1268,90
1269,28
1270,25
1271,53
1272,30
1273,26
1274,43
1275,12
1276,33
1277,9
1278,24
1279,24
1280,72
1281,51
1282,44
1283,24
1284,48
1285,30
1286,24
1287,85
1288,27
1289,48
1290,20
1291,18
1292,20
1293,10
1294,30
1295,7
1296,20
1297,400
1298,8
1299,8
1300,4
1301,20
1302,6
1303,4
1304,8
1305,5
1306,5
1307,2
1308,20
1309,35
1310,49
1311,4
1312,4
1313,4
1314,12
1315,5
1316,72
1317,8
1318,3
1319,5
1320,4
1321,8
1322,30
1323,55
1324,24
1325,32
1326,32
1327,2
1328,42
1329,8
1330,90
1331,29
1332,240
1333,30
1334,8
1335,100
1336,27
1337,64
1338,12
1339,2
1340,5
1341,12
1342,2
1343,4
1344,30
1345,122
1346,94
1347,24
1348,24
1349,28
1350,7
1351,24
1352,25
1353,60
1354,8
1355,24.0
1356,300
1357,36.72
1358,1280
1359,250
1360,304
1361,39400
1362,240000
1363,3/9
1364,4.8
1365,3/5
1366,3
1367,-4
1368,3.14
1369,80
1370,24
1371,27
1372,200
1373,40
1374,39.2
1375,3/14
1376,4500
1377,325
1378,2400
1379,24.0
1380,27
1381,300.48
1382,300
1383,340
1384,360
1385,4.05
1386,25
1387,3
1388,125
1389,2.4
1390,34
1391,54
1392,48000
1393,8
1394,200
1395,240
1396,259200
1397,32
1398,190
1399,3420
1400,4
1401,0.18
1402,480
1403,200
1404,24
1405,9
1406,8
1407,20
1408,259
1409,75
1410,6
1411,400
1412,3200
1413,59
1414,320
1415,3200
1416,24000
1417,8.5
1418,200
1419,30
1420,2/5
1421,28.1
1422,30.55
1423,4.6
1424,0.2
1425,3
1426,7.875
1427,10
1428,308
1429,30
1430,30
1431,30
1432,9
1433,28
1434,3.2/15
1435,40.8
1436,240
1437,30.6
1438,24.9
1439,4800
1440,8
1441,4
1442,1
1443,240
1444,36
1445,40
1446,450
1447,400
1448,0.5
1449,32
1450,24
1451,33.6
1452,216
1453,433
1454,36
1455,200
1456,179
1457,24
1458,44
1459,3
1460,3608
1461,4900
1462,408
1463,330
1464,30
1465,150
1466,45
1467,240
1468,30
1469,2.05
1470,8
1471,43
1472,50
1473,160
1474,26
1475,4
1476,250
1477,9
1478,3.6
1479,36
1480,0.54
1481,90480
1482,40
1483,24
1484,3/12
1485,20
1486,304
1487,252
1488,14.552
1489,32
1490,2
1491,24
1492,24
1493,4750
1494,32
1495,4
1496,20
1497,2
1498,20.95
1499,23400
1500,490.25
1501,2
1502,240
1503,6
1504,845
1505,28
1506,89
1507,12
1508,3.08
1509,4500
1510,945
1511,24
1512,25.2
1513,300
1514,30
1515,4
1516,36
1517,2.2
1518,6575
1519,72
1520,90
1521,24
1522,4
1523,30000.0
1524,49
1525,216
1526,280
1527,30
1528,4
1529,6
1530,304
1531,84
1532,4
1533,45
1534,2910
1535,0.04
1536,2.5
1537,10
1538,2/25
1539,120
1540,128
1541,301.44
1542,20
1543,80
1544,3
1545,240
1546,180
1547,20
1548,24
1549,8
1550,2.4
1551,28
1552,3050
1553,2
1554,27
1555,3760
1556,3.744
1557,2.53
1558,3.785
1559,3000000000000
1560,3200
1561,17
1562,20
1563,3
1564,30000
1565,20
1566,4
1567,20.0
1568,4600
1569,810
1570,3
1571,14.4
1572,31.4
1573,8
1574,80
1575,240
1576,0.75
1577,10.7
1578,210
1579,54
1580,10
1581,25600
1582,-9
1583,400
1584,250
1585,2400
1586,300
1587,70
1588,20
1589,96
1590,53
1591,240
1592,108
1593,350
1594,50
1595,1.1
1596,2.3
1597,30%
1598,5
1599,190
1600,30
1601,2
1602,270
1603,400
1604,16
1605,210
1606,360
1607,420
1608,8
1609,6.28
1610,20480.0
1611,301.44
1612,1.1
1613,40.9
1614,36
1615,200
1616,557
1617,-10
1618,300
1619,480
1620,52
1621,45
1622,57.792
1623,120
1624,240
1625,2034.9
1626,20
1627,2500000
1628,0.5
1629,15
1630,2400
1631,30
1632,45
1633,4
1634,850
1635,300
1636,250
1637,18
1638,20
1639,4
1640,24
1641,20.28
1642,304
1643,720
1644,9.8
1645,25
1646,3.14
1647,0.5
1648,25
1649,54.0
1650,118
1651,4
1652,30
1653,18
1654,82%
1655,314
1656,300
1657,2700
1658,49
1659,8.1
1660,200
1661,4
1662,2.3
1663,40
1664,3.2
1665,6
1666,24
1667,900
1668,5/8
1669,9.23
1670,3/8
1671,540000
1672,2100
1673,32
1674,40.0
1675,240
1676,200.0
1677,20
1678,36
1679,2000
1680,20.0
1681,24000
1682,200
1683,2000
1684,3
1685,20
1686,140
1687,2700
1688,3140
1689,30
1690,288
1691,4000000
1692,3
1693,40
1694,25.12
1695,240
1696,1.04
1697,5
1698,20
1699,4
1700,34
1701,20
1702,10.80
1703,0.6
1704,240
1705,0.25
1706,2/3
1707,3
1708,50
1709,8
1710,480
1711,0.34
1712,0.66
1713,20.8
1714,0.6
1715,45
1716,4
1717,450
1718,24
1719,3200
1720,2/3
1721,45.78
1722,2.5
1723,2560
1724,87.92
1725,44
1726,20
1727,2
1728,40
1729,45
1730,2
1731,396
1732,110
1733,37.5
1734,1.6
1735,1.25
1736,80
1737,250
1738,280.0
1739,252
1740,23
1741,3
1742,54
1743,1380
1744,40
1745,30
1746,360
1747,24
1748,256
1749,3600
1750,300
1751,300
1752,2
1753,2.74
1754,89
1755,45
1756,3
1757,300
1758,16
1759,20
1760,88
1761,36
1762,10.14
1763,328
1764,5
1765,200
1766,1
1767,2.5
1768,36
1769,8
1770,2
1771,2400
1772,2400
1773,298
1774,24
1775,200
1776,720.0
1777,250
1778,205
1779,458
1780,2
1781,20
1782,1175
1783,1800
1784,72
1785,8
1786,2
1787,24
1788,34
1789,8
1790,3000
1791,250
1792,84
1793,15
1794,4
1795,23
1796,2
1797,230
1798,36
1799,270
1800,240
1801,2/3
1802,280
1803,3000
1804,300
1805,6
1806,72000
1807,8
1808,5/9
1809,8
1810,12
1811,4
1812,314.15
1813,300
1814,27
1815,27
1816,3
1817,300
1818,102
1819,36
1820,6400
1821,27
1822,30
1823,265
1824,354
1825,2480
1826,400
1827,4
1828,280
1829,2710
1830,40
1831,8
1832,80
1833,312
1834,48
1835,349.2
1836,2735
1837,4
1838,32
1839,3
1840,300
1841,25
1842,24
1843,3
1844,1
1845,30.77
1846,8
1847,524
1848,288
1849,3000
1850,8180
1851,151.8
1852,30
1853,890
1854,3
1855,3
1856,320
1857,2700000
1858,27
1859,15
1860,30
1861,0.8
1862,32
1863,20
1864,4
1865,3
1866,1210
1867,3
1868,9
1869,560
1870,6300
1871,200
1872,5400
1873,4456
1874,2.83
1875,13
1876,36
1877,8
1878,126
1879,24
1880,7.065
1881,4.77
1882,3
1883,3492
1884,1088
1885,30
1886,48
1887,1
1888,2700
1889,105
1890,20
1891,20%
1892,21.6
1893,20.94
1894,150
1895,2560
1896,2
1897,2
1898,30
1899,280
1900,9
1901,22
1902,60
1903,4.2
1904,3
1905,120
1906,780
1907,72
1908,27
1909,18
1910,2700
1911,248
1912,8
1913,9
1914,2.35
1915,216
1916,72
1917,22
1918,423
1919,4
1920,3
1921,4500
1922,9
1923,41
1924,8
1925,4
1926,0
1927,72
1928,6
1929,39.44
1930,20
1931,33
1932,80
1933,540
1934,8750
1935,7
1936,94.8
1937,9
1938,3
1939,20
1940,200
1941,4.2
1942,31.4
1943,400
1944,70.7
1945,24
1946,2030
1947,210
1948,24
1949,7
1950,20%
1951,2
1952,3
1953,4.08
1954,3
1955,49200
1956,10000
1957,287
1958,38.54
1959,30
1960,560
1961,0.16
1962,3620
1963,20
1964,34104
1965,3.208
1966,240
1967,200
1968,20.7
1969,58
1970,359
1971,136
1972,27
1973,3.14
1974,3
1975,208
1976,1.2
1977,90
1978,90
1979,20
1980,2700
1981,33
1982,30.9
1983,20.9
1984,5
1985,54
1986,200
1987,2/3
1988,27
1989,9
1990,201
1991,8
1992,10000
1993,1.1
1994,22
1995,460.5
1996,24
1997,32
1998,2
1999,12800000
2000,30
2001,56
2002,48
2003,52.5
2004,40
2005,36
2006,260
2007,885
2008,896
2009,245
2010,0.42
2011,45
2012,1500
2013,200
2014,0.5
2015,300
2016,363
2017,3.4
2018,30
2019,400
2020,2
2021,36
2022,400
2023,640.0
2024,40
2025,20.72
2026,54
2027,900
2028,3
2029,25%
2030,20%
2031,2
2032,62.5
2033,32
2034,33600
2035,46000
2036,6
2037,240
2038,64
2039,2
2040,8
2041,20.49
2042,2
2043,2
2044,0.8
2045,4
2046,360
2047,24
2048,4
2049,2000
2050,27
2051,78
2052,24
2053,4056
2054,40
2055,3.14
2056,39
2057,1
2058,4000
2059,245000
2060,300
2061,379
2062,489
2063,23.8
2064,48
2065,240
2066,2400
2067,40000
2068,28.25
2069,581
2070,25%
2071,279
2072,3000
2073,4.8
2074,3360
2075,36
2076,2800
2077,4
2078,250
2079,125
2080,3.37
2081,23
2082,42
2083,30
2084,3.5
2085,400
2086,304
2087,36
2088,270
2089,3
2090,128.0
2091,18
2092,20000
2093,75
2094,8
2095,3
2096,20
2097,240
2098,240
2099,3
2100,420
2101,28000
2102,5024
2103,80
2104,8
2105,30
2106,25.12
2107,32
2108,2700
2109,308
2110,200
2111,5
2112,208
2113,15.56
2114,20
2115,422
2116,4.5
2117,200
2118,314.16
2119,204
2120,15
2121,528.8
2122,251.2
2123,3.14
2124,0.45
2125,3
2126,730
2127,88.8
2128,268
2129,27
2130,3
2131,3
2132,16
2133,-3820
2134,5
2135,3.14
2136,22
2137,20
2138,24
2139,12
2140,8
2141,8
2142,4
2143,2
2144,3.14
2145,10
2146,108
2147,200
2148,5
2149,20.0
2150,376.8
2151,37.64
2152,3
2153,30
2154,235
2155,9
2156,9
2157,120
2158,27
2159,37.6
2160,28
2161,120
2162,384
2163,27
2164,50
2165,40
2166,380
2167,35
2168,73
2169,30
2170,75
2171,2
2172,35%
2173,10987.3
2174,4
2175,80%
2176,85%
2177,3
2178,300
2179,40
2180,628
2181,27000
2182,201
2183,30
2184,186
2185,280
2186,0.9
2187,345
2188,560
2189,1
2190,270
2191,3
2192,200
2193,24
2194,3.58
2195,425
2196,24
2197,0.4
2198,0.4
2199,3
2200,800
2201,176
2202,2
2203,2400
2204,2
2205,70
2206,30
2207,0.8
2208,200
2209,35
2210,496
2211,256
2212,340
2213,3.6
2214,1.3
2215,3
2216,29
2217,2540
2218,282
2219,4
2220,365.5
2221,205
2222,245
2223,15
2224,2.43
2225,1200
2226,3.6
2227,240
2228,36
2229,3000
2230,1
2231,4
2232,30.0
2233,21
2234,3.1
2235,1.08
2236,3
2237,25
2238,50
2239,2000
2240,1500
2241,300
2242,5
2243,2778
2244,45
2245,2.30
2246,5
2247,15
2248,36
2249,400
2250,360
2251,30
2252,39
2253,24
2254,1440
2255,24
2256,20
2257,46
2258,256
2259,2
2260,396
2261,20%
2262,22%
2263,45.9
2264,1
2265,27
2266,116
2267,22.5
2268,7
2269,384
2270,118.84
2271,300
2272,37.4
2273,2
2274,20
2275,131
2276,13
2277,480
2278,40000
2279,58.5
2280,360
2281,1800
2282,3000
2283,350
2284,3500
2285,42
2286,24
2287,45
2288,4
2289,280
2290,20
2291,270
2292,45
2293,30
2294,39
2295,31.4
2296,6
2297,310
2298,4.5
2299,314
2300,30
2301,3
2302,7
2303,20
2304,34.2
2305,20
2306,2
2307,45
2308,1
2309,8
2310,8
2311,25
2312,304
2313,5000
2314,3000
2315,120
2316,18
2317,340
2318,24
2319,34
2320,157.5
2321,360
2322,320
2323,3.4
2324,75
2325,900
2326,968
2327,35
2328,15
2329,50
2330,2
2331,29
2332,0.4
2333,3020
2334,64
2335,200
2336,7
2337,5
2338,830
2339,8
2340,100
2341,2
2342,5.4
2343,2
2344,3/8
2345,80
2346,13
2347,91.2
2348,4
2349,327
2350,240
2351,20
2352,270
2353,36
2354,90
2355,2000
2356,3045
2357,4
2358,200
2359,943
2360,20%
2361,74
2362,448
2363,8.8
2364,4768
2365,900
2366,30
2367,2
2368,20
2369,4
2370,20
2371,60
2372,3.14
2373,270
2374,200
2375,4
2376,2
2377,5
2378,3
2379,3.8
2380,240
2381,20
2382,8.25
2383,253
2384,330
2385,245
2386,250
2387,1344
2388,74
2389,3
2390,30
2391,1200/1200
2392,210
2393,5400
2394,20
2395,50
2396,320
2397,8
2398,300
2399,20%
2400,25.7
2401,20
2402,0.2
2403,4
2404,340
2405,32
2406,40
2407,2.4
2408,32
2409,3/2
2410,4
2411,80
2412,3
2413,24
2414,3
2415,200
2416,π
2417,280
2418,30
2419,8
2420,240
2421,120
2422,3
2423,4
2424,3.69
2425,360
2426,8
2427,8
2428,270
2429,3
2430,40
2431,48
2432,3
2433,3.5
2434,180
2435,24
2436,37.1
2437,304
2438,19
2439,8
2440,26
2441,243
2442,24
2443,3
2444,34
2445,8
2446,40.0
2447,280
2448,28
2449,5.7
2450,2700
2451,30
2452,20
2453,284
2454,3
2455,40
2456,50%
2457,144
2458,30
2459,200
2460,300
2461,9
2462,2
2463,30
2464,3140.72
2465,300
2466,39.44
2467,24
2468,50
2469,40
2470,24
2471,42
2472,5
2473,30000000
2474,3
2475,4
2476,50
2477,5
2478,8
2479,4
2480,80
2481,3
2482,34
2483,2
2484,3.14
2485,30
2486,0.18
2487,240
2488,24
2489,9
2490,8
2491,2
2492,4
2493,200
2494,80
2495,534
2496,20
2497,54000
2498,30%
2499,2
2500,490
2501,3
2502,4000
2503,20
2504,35%
2505,0.7
2506,15
2507,30
2508,480
2509,48
2510,400
2511,31.4
2512,2540
2513,3.784
2514,8.54
2515,30
2516,20
2517,25.12
2518,471.89
2519,2
2520,1
2521,146
2522,2
2523,3
2524,24
2525,3520
2526,24
2527,300
2528,20
2529,54
2530,54
2531,3
2532,25
2533,208
2534,3
2535,30
2536,1000
2537,216
2538,2.2
2539,24
2540,4
2541,54
2542,2
2543,2
2544,30
2545,9
2546,900
2547,200
2548,800
2549,40
2550,3
2551,4
2552,400
2553,25%
2554,9
2555,8
2556,204
2557,307.84
2558,8
2559,800
2560,92%
2561,180
2562,19.2
2563,36
2564,3
2565,345
2566,38
2567,2
2568,2
2569,14
2570,300
2571,2800
2572,4
2573,4.0
2574,40
2575,30
2576,20
2577,30.5
2578,15.7
2579,3.75
2580,900
2581,15
2582,20
2583,28
2584,4.5
2585,25600
2586,54
2587,4
2588,20
2589,24
2590,0.32
2591,23
2592,24
2593,240
2594,24
2595,120
2596,80
2597,21
2598,30
2599,30.0
2600,75
2601,3360
2602,900
2603,27
2604,38.4
2605,30
2606,24
2607,40000
2608,20000
2609,5
2610,80.0
2611,20.8592
2612,1344
2613,15
2614,30
2615,4
2616,42.8
2617,2500
2618,2700
2619,3
2620,90%
2621,0.2
2622,3/5
2623,8
2624,14
2625,30.784
2626,30.72
2627,540
2628,25%
2629,300
2630,540
2631,9
2632,160
2633,105
2634,20.4
2635,25
2636,3
2637,3249.6
2638,28
2639,5
2640,70
2641,480
2642,4
2643,504
2644,30
2645,256
2646,34
2647,24
2648,200
2649,300
2650,4
2651,4
2652,4
2653,240
2654,270.0
2655,2.88
2656,80
2657,5
2658,9
2659,2.0
2660,37.64
2661,20
2662,3
2663,3
2664,4800
2665,280
2666,17
2667,83.7%
2668,84
2669,40
2670,0.43
2671,400
2672,2900
2673,4
2674,40
2675,35
2676,24
2677,2
2678,704
2679,308.8
2680,35
2681,4
2682,35
2683,200
2684,1
2685,28
2686,80.0%
2687,4000000
2688,84
2689,5
2690,44
2691,5440
2692,100%
2693,32
2694,20.0
2695,3
2696,28.27
2697,530
2698,210
2699,24
2700,18
2701,2
2702,1200
2703,100
2704,210
2705,200
2706,4
2707,21
2708,25
2709,45000
2710,50
2711,4
2712,70.4
2713,900
2714,2
2715,370
2716,37.6
2717,270
2718,24
2719,25
2720,29400
2721,28
2722,24000
2723,2223
2724,25
2725,24
2726,2.4
2727,80
2728,144
2729,24
2730,118
2731,1
2732,20
2733,200
2734,20
2735,3
2736,1
2737,1000
2738,0.34
2739,38
2740,2.4
2741,20
2742,45
2743,2000
2744,32
2745,27
2746,203
2747,24
2748,25
2749,256
2750,186
2751,15
2752,1000
2753,5
2754,3
2755,54.0
2756,2.85
2757,200
2758,30
2759,1
2760,2000
2761,800
2762,24
2763,432
2764,115
2765,21.3
2766,4
2767,2
2768,704
2769,2.5
2770,4
2771,35
2772,8
2773,20
2774,80
2775,24
2776,5
2777,3
2778,45
2779,110
2780,18
2781,20
2782,3
2783,4
2784,375
2785,7
2786,3520
2787,288
2788,256
2789,5
2790,50
2791,2
2792,36
2793,36
2794,40
2795,100
2796,40.2
2797,4.0
2798,1300
2799,4
2800,3
2801,450
2802,6
2803,100000000
2804,354
2805,244
2806,200
2807,44
2808,9
2809,4
2810,π
2811,28
2812,40
2813,2
2814,96
2815,3
2816,24
2817,3600
2818,34
2819,430
2820,3.14
2821,90
2822,320
2823,8
2824,2
2825,45
2826,4800
2827,5
2828,200
2829,16
2830,20
2831,27
2832,3.78
2833,48
2834,234
2835,4
2836,20
2837,2000
2838,171.4285714
2839,30%
2840,240
2841,25
2842,25
2843,27
2844,40/40
2845,304
2846,48
2847,48
2848,314
2849,56
2850,9
2851,0.25
2852,30
2853,2000
2854,30.0
2855,20%
2856,2
2857,28
2858,30
2859,0.0425
2860,1375
2861,300
2862,4
2863,3.0
2864,8
2865,1
2866,25
2867,20%
2868,3.14
2869,1000
2870,80
2871,0.015
2872,11
2873,3
2874,32
2875,900
2876,4
2877,30%
2878,910
2879,8
2880,4
2881,2400
2882,90%
2883,40
2884,640
2885,3.6
2886,20
2887,2
2888,3600
2889,1
2890,1610
2891,270
2892,2
2893,55
2894,140
2895,80%
2896,24
2897,249
2898,2450
2899,2750
2900,9
2901,437
2902,23
2903,5
2904,25
2905,84
2906,34.0
2907,60
2908,32
2909,360
2910,4
2911,4
2912,5
2913,90
2914,3
2915,800
2916,15334
2917,30.77958269199311
2918,25
2919,905
2920,45
2921,32
2922,24
2923,6600
2924,3
2925,30
2926,30928
2927,20
2928,2340
2929,4
2930,1320
2931,20
2932,23
2933,4
2934,38
2935,12
2936,40.0
2937,314
2938,4
2939,3.4
2940,4.5
2941,250
2942,100
2943,30
2944,61
2945,3
2946,400
2947,200
2948,20
2949,308
2950,20.5
2951,2.4
2952,30
2953,20
2954,1000
2955,2.25
2956,3
2957,8
2958,36
2959,45
2960,8
2961,240
2962,40
2963,85
2964,3.28592
2965,20
2966,80
2967,180
2968,200
2969,2700
2970,24
2971,20.4
2972,270
2973,30
2974,3.0
2975,15
2976,4.8
2977,2
2978,176
2979,40
2980,40
2981,92%
2982,8
2983,3200
2984,3200
2985,45
2986,2
2987,20
2988,30
2989,25
2990,0.56
2991,0.16
2992,29.6
2993,38.4
2994,3600
2995,30
2996,400
2997,47
2998,9
2999,35
3000,0.5
3001,240
3002,20
3003,628
3004,0.8
3005,300
3006,27
3007,21
3008,9336
3009,30.72
3010,39.28
3011,2
3012,3140
3013,1271
3014,3.784
3015,300
3016,8
3017,300
3018,80
3019,24
3020,240
3021,20
3022,320
3023,800
3024,36
3025,5.4
3026,0.25
3027,49
3028,3768
3029,0
3030,9
3031,7348
3032,2.4
3033,24
3034,8
3035,500
3036,140
3037,5
3038,25%
3039,3200
3040,340.8
3041,2
3042,3
3043,3
3044,240
3045,3
3046,28
3047,105
3048,3.6
3049,30
3050,2.4
3051,3
3052,30
3053,3
3054,1
3055,270
3056,400
3057,3
3058,300
3059,540.00
3060,45000
3061,24
3062,30.792
3063,37.64
3064,280
3065,26
3066,0.25
3067,28
3068,840
3069,430
3070,40
3071,5940
3072,250%
3073,24
3074,8
3075,320
3076,20
3077,"要计算每秒流过的水体积,首先需要知道水管的长度。由于水管是一个圆柱体,其侧面积可以通过公式A=\pidl计算,其中d是底面直径,l是底面周长。给定的直径分别是"
3078,90
3079,22.5
3080,27
3081,30.4
3082,20
3083,2.49
3084,27
3085,24
3086,2300
3087,20
3088,40
3089,48
3090,80%
3091,800
3092,42
3093,208
3094,39.0
3095,79.2
3096,4.89
3097,3
3098,200
3099,0.3
3100,3.78
3101,0.0024
3102,300
3103,44
3104,27
3105,30
3106,240
3107,315
3108,15
3109,2
3110,2000
3111,280
3112,48
3113,240
3114,220
3115,2.2
3116,300
3117,205
3118,28
3119,10
3120,340
3121,240
3122,300
3123,27
3124,24
3125,480
3126,450
3127,300
3128,2
3129,380
3130,85
3131,30
3132,3.14
3133,4.9
3134,3040
3135,240
3136,378.4
3137,282.6
3138,640
3139,47
3140,100%
3141,5400
3142,75
3143,20
3144,8
3145,31
3146,28
3147,1500
3148,0.79
3149,3
3150,20
3151,30
3152,2
3153,2
3154,4.0
3155,24
3156,24
3157,0.4
3158,24
3159,50
3160,7040.0
3161,35
3162,8640
3163,30%
3164,1.44
3165,1600
3166,27
3167,39
3168,3
3169,3
3170,32
3171,20
3172,40
3173,3
3174,329
3175,320
3176,53
3177,26
3178,504
3179,20
3180,3690
3181,12.5
3182,4.4
3183,0.3
3184,7440
3185,304
3186,4.5
3187,2458
3188,594
3189,9
3190,36
3191,340
3192,280
3193,60
3194,240
3195,30
3196,208
3197,3200
3198,1500
3199,465
3200,40
3201,86
3202,是
3203,60
3204,42
3205,2
3206,40
3207,130.8
3208,93
3209,280
3210,80
3211,7.08
3212,72
3213,8
3214,9
3215,300
3216,200
3217,400
3218,19
3219,85
3220,3
3221,35
3222,9
3223,380
3224,360
3225,175
3226,160
3227,4.5
3228,20
3229,84
3230,182
3231,410
3232,360
3233,240
3234,20
3235,164
3236,2910
3237,9750
3238,175
3239,85
3240,300
3241,75
3242,2000
3243,1160
3244,800
3245,400
3246,210
3247,270
3248,258
3249,18000
3250,300
3251,2
3252,25
3253,1200
3254,30
3255,300
3256,450
3257,3
3258,8
3259,4.0
3260,1692
3261,480
3262,2
3263,58
3264,285
3265,7
3266,59
3267,960
3268,30
3269,62
3270,300
3271,24
3272,29.5
3273,4
3274,36
3275,84
3276,32
3277,53
3278,3020
3279,2500
3280,3920
3281,5124
3282,6
3283,96
3284,1208
3285,82
3286,84
3287,9
3288,750
3289,900
3290,580
3291,450
3292,4
3293,4
3294,29
3295,29
3296,450
3297,200
3298,800
3299,387
3300,520
3301,550
3302,2400
3303,2
3304,900
3305,2
3306,632
3307,247
3308,234
3309,150
3310,112
3311,2450
3312,32
3313,4
3314,2
3315,4
3316,45
3317,945
3318,219
3319,2
3320,220
3321,36
3322,480
3323,54
3324,3
3325,5
3326,225
3327,2500
3328,2825
3329,90
3330,3
3331,35
3332,250
3333,7200
3334,5
3335,90
3336,205
3337,2
3338,448
3339,240
3340,300
3341,720
3342,90
3343,36
3344,247
3345,24
3346,100
3347,15
3348,8400
3349,2
3350,4
3351,20
3352,40
3353,24
3354,27
3355,3
3356,7
3357,24
3358,30
3359,194
3360,3700
3361,2304
3362,160
3363,240
3364,30
3365,388
3366,208.5
3367,300
3368,4
3369,3
3370,4500
3371,25200
3372,4992
3373,75
3374,34
3375,300
3376,34
3377,26
3378,6
3379,4
3380,30
3381,313
3382,52
3383,405
3384,1122
3385,84
3386,240
3387,9
3388,24
3389,500
3390,980
3391,36
3392,960
3393,240
3394,40
3395,240
3396,24
3397,25
3398,225
3399,15
3400,300
3401,90
3402,3
3403,52
3404,25
3405,20
3406,214
3407,480
3408,2
3409,4
3410,2500
3411,30
3412,24
3413,4185
3414,345.5
3415,240
3416,9
3417,40
3418,64
3419,28
3420,72
3421,200
3422,138
3423,9380
3424,38
3425,70
3426,4900
3427,108
3428,48
3429,0.54
3430,4
3431,305
3432,800
3433,8
3434,420
3435,45.36
3436,3
3437,20
3438,308
3439,58
3440,23.2
3441,90
3442,50
3443,13
3444,3150
3445,54
3446,1600
3447,2
3448,200
3449,96
3450,1400
3451,1
3452,5200
3453,30
3454,90
3455,39
3456,3
3457,274.0
3458,40
3459,3
3460,32
3461,2
3462,9
3463,25920
3464,35
3465,4
3466,180
3467,180
3468,300
3469,340
3470,2.5
3471,540/36
3472,4.4
3473,2000
3474,20
3475,2700
3476,3
3477,25
3478,8
3479,25
3480,860
3481,3
3482,20
3483,8
3484,16000
3485,240
3486,30
3487,270
3488,2
3489,180
3490,20
3491,2816
3492,65
3493,441
3494,400
3495,20
3496,2
3497,2.4
3498,3
3499,20
3500,24
3501,12
3502,280
3503,16000
3504,4
3505,2760
3506,8
3507,20.0
3508,30
3509,3200
3510,900
3511,3600
3512,25
3513,3750
3514,100
3515,5760
3516,720
3517,3
3518,80
3519,400
3520,192
3521,192
3522,32
3523,5
3524,240
3525,3000
3526,5
3527,450000
3528,3
3529,38
3530,20
3531,2
3532,4.7
3533,504
3534,5
3535,8
3536,39
3537,3
3538,32
3539,276
3540,40
3541,12
3542,15
3543,75
3544,2.4
3545,4
3546,5
3547,3
3548,4
3549,800
3550,2
3551,25
3552,4
3553,2
3554,205
3555,12
3556,158
3557,195
3558,300000
3559,2500
3560,2340
3561,35
3562,230
3563,4
3564,41200
3565,174400
3566,200
3567,3495
3568,24
3569,2000
3570,92
3571,4
3572,20
3573,35
3574,6
3575,8800
3576,58
3577,20
3578,15
3579,2
3580,30
3581,30
3582,25
3583,4
3584,360
3585,20.5
3586,8
3587,5394
3588,6480
3589,48
3590,3000
3591,22
3592,180
3593,87
3594,30
3595,135
3596,240
3597,5
3598,23
3599,20
3600,194
3601,89600
3602,23
3603,4050
3604,3
3605,640
3606,32
3607,24
3608,20
3609,2.5
3610,24
3611,3
3612,904
3613,400
3614,835
3615,4
3616,344
3617,119
3618,2.56
3619,205
3620,240
3621,285
3622,450
3623,43
3624,4.5
3625,16
3626,6
3627,40
3628,18
3629,240
3630,300
3631,920
3632,390
3633,13200
3634,357
3635,420
3636,240
3637,309
3638,8
3639,11
3640,2500
3641,6.33
3642,108
3643,150
3644,3.45
3645,25
3646,48
3647,25
3648,3
3649,690
3650,20
3651,240
3652,48
3653,2400
3654,72
3655,36
3656,157
3657,34.5/30
3658,24
3659,982
3660,27
3661,350
3662,6
3663,30
3664,4
3665,141
3666,24
3667,240
3668,900
3669,36
3670,740
3671,360
3672,10
3673,4
3674,34.5
3675,560
3676,10665
3677,200
3678,3.4
3679,48
3680,168
3681,3
3682,10
3683,4
3684,30
3685,50
3686,1532
3687,800
3688,1000
3689,384
3690,300
3691,2
3692,4
3693,76
3694,26
3695,504
3696,80
3697,3
3698,3400
3699,304
3700,136
3701,200
3702,4400
3703,2
3704,1350
3705,2
3706,4500
3707,50
3708,584
3709,40
3710,2.4
3711,425
3712,75600
3713,3
3714,480
3715,5
3716,14000
3717,128
3718,20
3719,342
3720,3.25
3721,78
3722,655
3723,18
3724,9750
3725,3
3726,240
3727,300
3728,2
3729,30
3730,1250
3731,408
3732,200
3733,46
3734,534
3735,2750
3736,109
3737,2
3738,640
3739,12000
3740,54
3741,30000
3742,54
3743,4710
3744,20
3745,450
3746,212
3747,5
3748,3
3749,30
3750,2
3751,90
3752,100
3753,24
3754,126
3755,4320
3756,13
3757,32
3758,3360
3759,5000
3760,18000
3761,672
3762,25
3763,36
3764,2.88
3765,23
3766,3
3767,2030
3768,300
3769,2
3770,20
3771,24
3772,108
3773,5
3774,1
3775,230
3776,8000
3777,30
3778,7345
3779,8
3780,5712
3781,14.4
3782,11
3783,175
3784,30
3785,2
3786,4900
3787,68
3788,474
3789,423
3790,0.65
3791,35
3792,270
3793,75
3794,296
3795,105.6
3796,30
3797,36
3798,35
3799,78
3800,880
3801,37.4
3802,3900
3803,3
3804,5
3805,84
3806,208
3807,892
3808,54
3809,17
3810,45
3811,24
3812,40
3813,40
3814,90
3815,24
3816,1027
3817,50
3818,45
3819,36
3820,21000
3821,40
3822,36
3823,20
3824,300
3825,0.052
3826,3
3827,7
3828,13
3829,118
3830,380
3831,3.4592
3832,67
3833,60
3834,2
3835,270
3836,768
3837,24
3838,100
3839,2190
3840,2400
3841,1504
3842,4
3843,311
3844,2.25
3845,4
3846,7
3847,54
3848,1200
3849,5850
3850,175
3851,256
3852,240
3853,48
3854,2520
3855,50
3856,48
3857,216
3858,405
3859,75
3860,960
3861,96
3862,4
3863,12
3864,468
3865,39
3866,3304
3867,375
3868,368
3869,2
3870,4
3871,40
3872,30
3873,1120
3874,270
3875,240
3876,34
3877,240
3878,744
3879,8400
3880,3.44
3881,3
3882,18
3883,3
3884,29
3885,4
3886,2700
3887,240
3888,200
3889,360000
3890,4
3891,80
3892,1.96
3893,432
3894,4
3895,30
3896,270
3897,9
3898,12
3899,25
3900,20
3901,15
3902,28
3903,1760
3904,2
3905,7
3906,144
3907,28
3908,25
3909,5.28
3910,410
3911,50
3912,91
3913,240
3914,14084
3915,5040
3916,240
3917,10
3918,3360
3919,324
3920,300
3921,610
3922,2100
3923,4
3924,8
3925,240
3926,45
3927,540
3928,25
3929,200
3930,340
3931,7.81
3932,0.2
3933,34
3934,95
3935,30.0
3936,1680
3937,30
3938,271
3939,216
3940,594
3941,1287
3942,5
3943,448
3944,48
3945,4
3946,90
3947,2
3948,40
3949,4
3950,1035
3951,430
3952,5
3953,388.8
3954,462
3955,320
3956,660
3957,30
3958,8
3959,24
3960,40
3961,24
3962,30
3963,37.5
3964,524
3965,54
3966,24
3967,4
3968,432
3969,20.0
3970,20
3971,10500
3972,905
3973,222
3974,40
3975,25
3976,18
3977,20
3978,7
3979,30.0
3980,30
3981,940
3982,3
3983,300
3984,39
3985,2450
3986,29
3987,2
3988,240
3989,280
3990,5200
3991,4
3992,29200
3993,330
3994,1800
3995,23
3996,36
3997,54
3998,50
3999,20
4000,30
4001,4
4002,1485
4003,1536
4004,4350
4005,20
4006,28
4007,30
4008,500
4009,380
4010,340
4011,32.0
4012,320
4013,20.0
4014,300
4015,20
4016,5
4017,450
4018,4.8
4019,12.4
4020,20
4021,5.0
4022,8
4023,230
4024,80
4025,3200
4026,372
4027,2.4
4028,300
4029,2.4
4030,240
4031,3
4032,30
4033,2400
4034,72
4035,8
4036,33
4037,360
4038,2598
4039,240
4040,40.8
4041,375
4042,230
4043,790
4044,12
4045,560
4046,780
4047,4800
4048,33
4049,5760
4050,5760
4051,3
4052,300
4053,40
4054,72
4055,360
4056,240
4057,790
4058,2
4059,25
4060,1280
4061,2860
4062,2880
4063,230
4064,3
4065,400
4066,152
4067,3440
4068,4
4069,2520
4070,4.4
4071,3000
4072,79
4073,5
4074,3500
4075,2
4076,5
4077,2.4
4078,80.5
4079,200
4080,8
4081,240
4082,258
4083,209
4084,27
4085,1800
4086,125
4087,14424
4088,3200
4089,24
4090,40
4091,930
4092,230.5
4093,20
4094,14400
4095,4934
4096,3
4097,3
4098,234
4099,2040
4100,45
4101,300
4102,800
4103,300
4104,78
4105,3024
4106,600
4107,2592
4108,32
4109,24.75
4110,4
4111,4
4112,4
4113,5
4114,39200
4115,240
4116,54
4117,8
4118,24
4119,780
4120,23
4121,3
4122,30
4123,8
4124,25
4125,180
4126,45000
4127,185
4128,298
4129,240
4130,250
4131,76
4132,3045
4133,50
4134,70
4135,4.8
4136,456
4137,3
4138,30
4139,24
4140,270
4141,250
4142,3840
4143,75
4144,600
4145,490
4146,34
4147,30
4148,9
4149,2363
4150,3
4151,30
4152,4
4153,14
4154,375
4155,3
4156,2.5
4157,218
4158,3
4159,2
4160,5
4161,240
4162,25.144
4163,3520
4164,155
4165,30.0
4166,34
4167,300
4168,5
4169,8
4170,384
4171,30.75
4172,28
4173,800
4174,6
4175,3600
4176,5
4177,379.48
4178,376.8
4179,30
4180,20.4
4181,24000
4182,304
4183,125
4184,240
4185,8.1
4186,20
4187,48
4188,3
4189,3
4190,30
4191,31.4
4192,32.5
4193,4
4194,30%
4195,28.26
4196,200
4197,200
4198,304
4199,27
4200,1440
4201,45
4202,70%
4203,8
4204,4
4205,15000
4206,2
4207,710
4208,308
4209,2500
4210,1
4211,20
4212,2704
4213,3
4214,34
4215,30
4216,5
4217,2/5
4218,240
4219,1050
4220,4
4221,80
4222,1
4223,384
4224,"首先,我们来计算每头大牛和每头小牛每天平均能吃掉的牧草数量。设每头大牛每天吃的牧草为x千克,每头小牛每天吃的牧草为y千克。根据题目,有以下两个条件"
4225,104
4226,30
4227,1
4228,20
4229,37.68
4230,24
4231,20
4232,45.72
4233,50%
4234,3.14
4235,48
4236,30
4237,3600
4238,4
4239,80
4240,300
4241,90
4242,4
4243,340
4244,80
4245,960
4246,350
4247,30
4248,400
4249,9
4250,2
4251,30
4252,900
4253,12.15
4254,32000000
4255,3.4
4256,19.5
4257,8
4258,570
4259,80
4260,15
4261,548
4262,48
4263,270
4264,300
4265,2
4266,0.9
4267,54
4268,48
4269,2.5
4270,2
4271,24
4272,32
4273,25.2
4274,18
4275,760
4276,2080
4277,35
4278,40
4279,4832
4280,81.6
4281,39.24
4282,50
4283,44
4284,4
4285,2250
4286,4
4287,27000
4288,90
4289,8568
4290,2
4291,9
4292,4
4293,3594
4294,450
4295,12
4296,16
4297,340
4298,238
4299,300
4300,5
4301,5
4302,760
4303,2.4
4304,380
4305,40.00000000000001
4306,67
4307,5
4308,3
4309,540
4310,24000
4311,3400
4312,15
4313,240
4314,25%
4315,20%
4316,3780
4317,280
4318,20
4319,40
4320,1020
4321,2
4322,300
4323,4
4324,5
4325,39.44
4326,50.49
4327,3
4328,360
4329,0.92
4330,240
4331,8900
4332,2.4
4333,24
4334,2070
4335,200
4336,30000
4337,209
4338,32
4339,24
4340,2%
4341,870
4342,300
4343,4800
4344,30
4345,24.5
4346,80%
4347,54.2
4348,20%
4349,3.5
4350,30
4351,400
4352,6
4353,24
4354,25
4355,28
4356,2.5
4357,384
4358,1.30
4359,6
4360,20.43
4361,80
4362,2
4363,4
4364,240
4365,30
4366,42
4367,24/5
4368,27000
4369,270
4370,8
4371,3.8
4372,200
4373,20
4374,49
4375,3/5
4376,24
4377,3.75
4378,25
4379,9
4380,3.14
4381,46
4382,28.24
4383,45
4384,72
4385,24
4386,25
4387,4.2
4388,200
4389,3
4390,240
4391,36480
4392,2.3
4393,1
4394,25
4395,40960
4396,4000
4397,30000
4398,1
4399,2
4400,35
4401,2320
4402,30
4403,20
4404,120
4405,0.45
4406,30
4407,3.6
4408,20
4409,24
4410,3
4411,243.92
4412,50.8
4413,852
4414,84
4415,40
4416,30
4417,20
4418,3000
4419,300
4420,5
4421,75
4422,12
4423,300
4424,9952
4425,300
4426,780000
4427,1260
4428,37.6
4429,378.54
4430,204.8
4431,20
4432,8/12
4433,8
4434,2.4
4435,800.0
4436,30
4437,19
4438,3.14
4439,3.14
4440,20
4441,2400
4442,25%
4443,25.144
4444,34.5
4445,27
4446,45
4447,0.2
4448,30.794248979591959
4449,34.58
4450,3.14
4451,3
4452,30.784
4453,3
4454,360
4455,48
4456,3000000
4457,34
4458,2
4459,20
4460,288
4461,36
4462,30
4463,34.90
4464,28.24
4465,7.065244849751066
4466,π
4467,3.14
4468,120
4469,560
4470,450
4471,2050
4472,27
4473,20
4474,23400
4475,2
4476,24
4477,20
4478,300
4479,24
4480,0.004
4481,840
4482,304.8
4483,360
4484,800
4485,30
4486,24
4487,28.95
4488,2
4489,20.104
4490,28.25
4491,2
4492,314
4493,3.5
4494,29000
4495,58.0
4496,37.64
4497,4.5
4498,314
4499,30
4500,340.5
4501,20.5
4502,8
4503,3600
4504,65
4505,30%
4506,2
4507,3.14
4508,12.56
4509,0.9
4510,20
4511,2
4512,20
4513,18.75
4514,4
4515,20
4516,3.14
4517,724.08
4518,65.94
4519,34
4520,3/9
4521,32.5
4522,900
4523,3.14
4524,25.4
4525,100
4526,2
4527,32
4528,320
4529,2400
4530,32
4531,27
4532,17000
4533,23
4534,0
4535,1200
4536,30
4537,200.96
4538,4.5
4539,2600
4540,7500
4541,34
4542,3.14
4543,28.27
4544,0
4545,50.85
4546,480
4547,8
4548,40
4549,492
4550,28.24
4551,20%
4552,2
4553,30
4554,20.5
4555,38
4556,314
4557,94.2
4558,216
4559,200
4560,3
4561,28.27
4562,2.98
4563,30
4564,250000
4565,400
4566,200
4567,20.94
4568,314
4569,98%
4570,4.5
4571,8π
4572,3
4573,310.72
4574,30.96
4575,3
4576,20
4577,397.84
4578,308.4
4579,0.96
4580,3
4581,3.792
4582,9
4583,3.0432
4584,3
4585,25.12
4586,25.12
4587,8/25
4588,0
4589,2800
4590,60
4591,4
4592,180
4593,25140.78544
4594,2
4595,30.0
4596,30
4597,3
4598,14
4599,38.5
4600,251.84
4601,20
4602,270
4603,80
4604,12.56
4605,3.14
4606,378.54
4607,39.84
4608,3/4
4609,5890
4610,90
4611,6
4612,25
4613,100.48
4614,4.8
4615,2
4616,3
4617,254.96
4618,240
4619,20
4620,22.68
4621,83%
4622,24
4623,450
4624,4.712359
4625,2/5
4626,80
4627,28.27
4628,90
4629,2
4630,10
4631,270
4632,60
4633,57.8
4634,81
4635,10
4636,20
4637,34.2
4638,300
4639,34
4640,20
4641,3.14
4642,3.14
4643,384.790552099007
4644,4050
4645,354
4646,2.4
4647,20
4648,1
4649,70
4650,3.14
4651,20
4652,75
4653,24.5
4654,1000
4655,3.1
4656,3990
4657,38.8544
4658,24
4659,8.4
4660,24.00
4661,78000000
4662,3200
4663,30
4664,2
4665,31.4
4666,30
4667,28.24
4668,4
4669,3.14
4670,520
4671,3.14
4672,20.9
4673,270
4674,280
4675,3
4676,34.2
4677,80%
4678,20.85
4679,390.72
4680,30
4681,3/8
4682,50%
4683,9
4684,250
4685,30
4686,0.75
4687,240
4688,900
4689,0.52
4690,5.04
4691,8
4692,43
4693,30.7742
4694,20
4695,250.88
4696,28
4697,3.6
4698,3
4699,314
4700,314
4701,25.12
4702,3
4703,3
4704,3
4705,小饼
4706,320
4707,45
4708,2.5
4709,34
4710,20%
4711,205
4712,3.14
4713,204
4714,30.72
4715,1.5
4716,32.0712
4717,31.09795223270818
4718,930
4719,38.5
4720,25%
4721,800
4722,596
4723,1.047
4724,28.24
4725,24
4726,3
4727,20
4728,314
4729,30
4730,8
4731,300
4732,400
4733,4
4734,4200
4735,39.42
4736,34
4737,13
4738,0.15
4739,125
4740,3.14
4741,40.8
4742,3
4743,2
4744,15
4745,289
4746,45
4747,6
4748,348.792
4749,340.784
4750,200
4751,20
4752,30.792
4753,240
4754,800
4755,4000
4756,314
4757,54
4758,27000000
4759,3200
4760,3.14
4761,5
4762,5.2
4763,3.996
4764,408
4765,78
4766,2.359
4767,314.59
4768,30
4769,697.76
4770,30.94
4771,36
4772,0.51
4773,2700
4774,20
4775,80
4776,34.5
4777,3.14
4778,25%
4779,24.0
4780,24
4781,2
4782,30
4783,48
4784,2000
4785,31400
4786,5
4787,2.4
4788,4
4789,28.25
4790,19.2
4791,15
4792,28.25
4793,3.14
4794,45
4795,30.48
4796,3.7854
4797,9
4798,30
4799,28.8
4800,314
4801,3.14
4802,3.5
4803,25
4804,165
4805,342.89
4806,30
4807,3.14
4808,3.14
4809,2.58
4810,37.68
4811,31400
4812,3.14
4813,200
4814,2.4
4815,240
4816,34%
4817,3/20
4818,30
4819,5920
4820,30
4821,376.8
4822,12.56
4823,4.5
4824,4.4
4825,-7
4826,2
4827,0.00479999
4828,37.68
4829,3.14
4830,3.14
4831,3.14
4832,508
4833,3
4834,240.89
4835,36
4836,32.5
4837,3.14
4838,250
4839,3
4840,3
4841,20
4842,36000
4843,56.62
4844,20
4845,6/5
4846,20
4847,39
4848,864
4849,408
4850,3
4851,24
4852,54
4853,423
4854,8
4855,4
4856,90
4857,40
4858,30
4859,1/30
4860,40%
4861,384.79
4862,4
4863,2.4
4864,2
4865,3.14
4866,7.5
4867,3
4868,150
4869,27
4870,352
4871,2.25
4872,40
4873,100
4874,3000
4875,3.14
4876,314
4877,4
4878,384000000
4879,6
4880,28.27
4881,4
4882,75.0
4883,0.2
4884,5
4885,800
4886,24
4887,2
4888,30
4889,3
4890,24
4891,30
4892,340
4893,0
4894,30
4895,3
4896,80
4897,70
4898,3
4899,2
4900,270
4901,19
4902,48
4903,490
4904,30.7749
4905,30.7749
4906,30
4907,5
4908,20
4909,280
4910,24
4911,39.44
4912,4
4913,3
4914,2
4915,48
4916,89.5
4917,50
4918,3
4919,270
4920,20
4921,8920
4922,8.4
4923,2
4924,8
4925,24
4926,400
4927,2790
4928,36
4929,8
4930,32
4931,2.25
4932,3000000
4933,3.2
4934,21.5
4935,2
4936,38
4937,30.0
4938,0.82
4939,2
4940,5
4941,30
4942,8
4943,40
4944,295
4945,20.0
4946,5
4947,20.94
4948,30.0
4949,3
4950,24
4951,20
4952,20
4953,20
4954,384
4955,3/7
4956,207.37
4957,5
4958,9
4959,3.14
4960,25.12
4961,90
4962,20%
4963,24
4964,0.8
4965,40
4966,73
4967,230
4968,30
4969,52
4970,32
4971,27
4972,78
4973,53
4974,28
4975,63
4976,24
4977,24
4978,27
4979,5
4980,56
4981,9
4982,28
4983,56
4984,25
4985,36
4986,16
4987,34
4988,36
4989,30
4990,35
4991,24
4992,24
4993,3
4994,12
4995,84
4996,3
4997,24
4998,94
4999,30
5000,36
5001,36
5002,24
5003,30
5004,88
5005,215
5006,24
5007,38
5008,3
5009,45
5010,82
5011,55
5012,4
5013,2
5014,4.8
5015,90
5016,2
5017,3
5018,26
5019,8
5020,8
5021,22
5022,8
5023,27
5024,5
5025,73
5026,91
5027,25
5028,28
5029,20
5030,8
5031,34
5032,4
5033,9
5034,8
5035,10
5036,2
5037,11
5038,48
5039,59
5040,8
5041,4
5042,20
5043,30
5044,50
5045,20
5046,3
5047,30
5048,9
5049,50
5050,23
5051,29
5052,50
5053,35
5054,35
5055,73
5056,75
5057,92
5058,25
5059,45
5060,25
5061,8
5062,29
5063,83
5064,3
5065,24
5066,20
5067,79
5068,95
5069,80
5070,7
5071,33
5072,200
5073,15
5074,32
5075,57
5076,44
5077,20
5078,8
5079,21
5080,27
5081,30
5082,138
5083,40
5084,4
5085,44
5086,32
5087,24
5088,72
5089,30
5090,32
5091,14
5092,30
5093,23
5094,8
5095,6
5096,8
5097,32
5098,20
5099,18
5100,14
5101,27
5102,9
5103,15
5104,40
5105,27
5106,42
5107,2
5108,20
5109,90
5110,98
5111,20
5112,23
5113,37
5114,308
5115,250
5116,3
5117,150
5118,340.88
5119,8
5120,8
5121,2
5122,360
5123,20
5124,3430
5125,34
5126,36
5127,40
5128,45
5129,0
5130,3
5131,30000
5132,283
5133,50
5134,270
5135,3
5136,3.5
5137,20
5138,24
5139,378.904
5140,34.584
5141,3.14
5142,70.25
5143,1891
5144,2
5145,4
5146,200
5147,300
5148,3.8944
5149,240
5150,2748
5151,5
5152,200
5153,30
5154,2.7300
5155,3380
5156,22.5
5157,24
5158,300
5159,180/0.75
5160,40
5161,270
5162,30
5163,20
5164,2000
5165,8
5166,344
5167,2400
5168,20
5169,376.8
5170,1840
5171,3.14
5172,0.36
5173,2250
5174,30
5175,30
5176,240
5177,12
5178,301.44
5179,300000
5180,40
5181,4
5182,3040
5183,24
5184,200
5185,3
5186,3500
5187,345
5188,4.2
5189,200000
5190,8
5191,35
5192,50
5193,50
5194,45
5195,450
5196,208
5197,40
5198,5
5199,0.4
5200,3600
5201,3.2
5202,36
5203,14
5204,27
5205,12.5
5206,40
5207,200
5208,4
5209,3.4
5210,40
5211,32
5212,1080
5213,900
5214,48
5215,4
5216,4.5
5217,2/3
5218,22
5219,20.89
5220,400
5221,30
5222,240
5223,80
5224,200
5225,30
5226,300
5227,3.4
5228,72
5229,2700
5230,24.9
5231,30
5232,26.3
5233,90
5234,4200
5235,7600
5236,3544
5237,3
5238,36
5239,27
5240,4
5241,23
5242,400
5243,2.4
5244,400
5245,1600
5246,27
5247,36
5248,3
5249,4
5250,3
5251,32
5252,8
5253,32
5254,3
5255,80
5256,4.4
5257,8
5258,25
5259,3
5260,45
5261,300
5262,200
5263,250
5264,0.30
5265,3
5266,4
5267,15.5
5268,3060
5269,5
5270,5
5271,5
5272,2
5273,23
5274,300.0
5275,30
5276,30
5277,325.44
5278,30%
5279,5400
5280,10
5281,2.52
5282,32
5283,250
5284,250
5285,955.04
5286,31.4
5287,3.14
5288,25
5289,30.0
5290,54
5291,12
5292,30.04
5293,20
5294,32
5295,480
5296,25
5297,3.0
5298,15
5299,900
5300,3.785
5301,640
5302,45
5303,40
5304,3
5305,656.8
5306,30
5307,384
5308,400
5309,2000
5310,269.5
5311,3.72
5312,9
5313,8
5314,32
5315,320
5316,240
5317,20
5318,200
5319,240
5320,350
5321,258
5322,32
5323,31.4
5324,24.905858
5325,320
5326,40
5327,27
5328,30.0
5329,50000
5330,2000
5331,1856
5332,40000
5333,370
5334,36
5335,7200
5336,144
5337,45
5338,49
5339,40
5340,1230
5341,2400
5342,48
5343,1058.4
5344,37.68
5345,3.14
5346,3
5347,300
5348,4
5349,200
5350,5040
5351,480
5352,75.0
5353,2850
5354,8
5355,320
5356,4800
5357,480
5358,8
5359,2000000
5360,254.79
5361,3
5362,32
5363,280
5364,3
5365,70
5366,3.78
5367,30.0
5368,394.25
5369,3.14
5370,2580
5371,27
5372,8000
5373,390
5374,50
5375,200
5376,225
5377,40
5378,3000
5379,300
5380,2.4
5381,240
5382,240
5383,45760
5384,25
5385,30
5386,30
5387,1540
5388,26
5389,19
5390,4
5391,110
5392,0.9
5393,30
5394,48
5395,29
5396,225
5397,2400
5398,204
5399,38
5400,365
5401,2000
5402,24
5403,24000
5404,25
5405,32
5406,304
5407,80.0
5408,4
5409,27
5410,34
5411,8
5412,30.4
5413,75
5414,314
5415,2344.72
5416,20
5417,9048
5418,4500
5419,480
5420,900
5421,50
5422,4500000
5423,240
5424,2.304
5425,3
5426,300
5427,4
5428,72
5429,720
5430,32
5431,32
5432,2400
5433,150
5434,20000
5435,3000
5436,4320
5437,9
5438,2400
5439,30
5440,1536
5441,24
5442,30.0
5443,30
5444,72
5445,0.32
5446,48
5447,2.4
5448,2.7
5449,34.4
5450,34.8
5451,48
5452,2
5453,480
5454,256
5455,24
5456,30
5457,3984000000000
5458,3.14
5459,200
5460,200
5461,3.14
5462,30.72
5463,270
5464,4
5465,240
5466,3
5467,3
5468,0.9
5469,30.4
5470,20
5471,3000
5472,3.75
5473,0.15
5474,2.0
5475,1
5476,78
5477,24
5478,360
5479,150
5480,38400
5481,7
5482,4
5483,4.5
5484,4.5
5485,45
5486,5800000
5487,200
5488,40
5489,3
5490,50
5491,35
5492,8
5493,83
5494,720
5495,4
5496,200
5497,24
5498,130
5499,37.5
5500,3
5501,84
5502,9
5503,498
5504,2850
5505,20
5506,2
5507,4800
5508,300
5509,280
5510,7
5511,800
5512,24
5513,2
5514,200
5515,35
5516,3000
5517,3200
5518,300
5519,3000
5520,160
5521,280.8
5522,36000
5523,1600
5524,45
5525,80
5526,0.30
5527,22
5528,30.4
5529,2000
5530,30
5531,2000
5532,3845.79
5533,128
5534,3
5535,20.54
5536,3750
5537,450.00
5538,0.14
5539,30
5540,20
5541,54
5542,648
5543,300
5544,5
5545,48
5546,40.8
5547,20
5548,3
5549,48
5550,900
5551,409.6
5552,360
5553,5.5
5554,30
5555,300
5556,150
5557,47
5558,3
5559,2
5560,4000000
5561,270
5562,27000
5563,480
5564,7
5565,4
5566,2
5567,30
5568,5.92
5569,40
5570,3600
5571,34
5572,45.0
5573,8900
5574,54
5575,5
5576,2
5577,39.44
5578,7.5
5579,700
5580,7.84
5581,5
5582,204.4
5583,540
5584,50
5585,4
5586,27
5587,420
5588,220
5589,24
5590,2.5
5591,3600.0
5592,350
5593,3600
5594,4
5595,800.00
5596,276
5597,84
5598,100
5599,27000
5600,784
5601,47500
5602,240
5603,3
5604,96.0
5605,395
5606,3092
5607,80
5608,100
5609,4800
5610,4
5611,30
5612,转换为实际长度
5613,3.75
5614,76
5615,314
5616,9.432
5617,33600
5618,4.5
5619,240.5
5620,400
5621,31400
5622,78.5
5623,5
5624,204
5625,20
5626,30000
5627,280
5628,900
5629,304
5630,250
5631,1153
5632,37.4
5633,2700
5634,20.4
5635,376.8
5636,2700
5637,2
5638,25
5639,34
5640,3.25
5641,2972
5642,2430
5643,300
5644,40.5
5645,360
5646,44
5647,39.24
5648,270
5649,100
5650,3
5651,39.24
5652,750
5653,400
5654,2
5655,70
5656,200
5657,8
5658,5000
5659,20
5660,480
5661,36
5662,30
5663,30
5664,2.25
5665,0.1
5666,24
5667,30.0
5668,30
5669,3
5670,600
5671,2.2
5672,270
5673,30
5674,240
5675,2
5676,2325
5677,30
5678,30
5679,300
5680,400
5681,3800
5682,900
5683,30
5684,3.84
5685,2400
5686,80
5687,507
5688,359.2
5689,25
5690,48.75
5691,1200
5692,28
5693,480
5694,240
5695,480
5696,2250
5697,800
5698,3
5699,25.2
5700,25.12
5701,90
5702,80
5703,20
5704,70
5705,400
5706,28.5
5707,240
5708,3.05
5709,624
5710,20.24
5711,54
5712,32
5713,400
5714,0.1
5715,35
5716,24
5717,8
5718,192
5719,2
5720,9
5721,94.2
5722,20
5723,5
5724,378
5725,55
5726,2.7
5727,3000
5728,3
5729,24
5730,40
5731,490
5732,294
5733,209.4
5734,5000
5735,14
5736,251.2
5737,400
5738,35100
5739,150000
5740,4
5741,0.9
5742,230
5743,20
5744,59
5745,300
5746,540
5747,4
5748,2000
5749,20.8542
5750,26
5751,234
5752,40
5753,270
5754,711
5755,54
5756,35
5757,23.8
5758,580
5759,72
5760,20
5761,150000
5762,240
5763,176
5764,3
5765,8
5766,2100
5767,8
5768,300
5769,270
5770,30
5771,80
5772,225
5773,240
5774,30/1.25
5775,2400
5776,10
5777,300
5778,30
5779,3
5780,50
5781,2
5782,832
5783,164
5784,20
5785,32500
5786,45
5787,32
5788,100000
5789,200
5790,990
5791,48
5792,4584
5793,8000
5794,400
5795,243
5796,1890
5797,30
5798,2.5
5799,2.544
5800,252
5801,8
5802,180
5803,4
5804,3
5805,6%
5806,40
5807,230
5808,20
5809,39
5810,36
5811,2
5812,6
5813,875
5814,306
5815,5.75
5816,30
5817,98
5818,2.4
5819,450
5820,2.4
5821,36
5822,4
5823,20
5824,30
5825,9
5826,20000
5827,24.75
5828,20
5829,20000
5830,2100
5831,2000
5832,87500
5833,8
5834,27.4
5835,240
5836,251.30
5837,2.4
5838,28.2
5839,31.4
5840,30
5841,24
5842,300
5843,5
5844,80
5845,254
5846,130.8
5847,3600
5848,300
5849,54.0
5850,5
5851,62
5852,45
5853,12
5854,3
5855,2450
5856,3000
5857,400
5858,-2940
5859,124
5860,2
5861,8.8
5862,198.9
5863,540
5864,25
5865,4.53
5866,270
5867,45
5868,30
5869,5.3
5870,35
5871,24
5872,350
5873,0.8
5874,30
5875,20
5876,20
5877,72
5878,2000
5879,360
5880,24
5881,817
5882,30
5883,250
5884,4
5885,300
5886,30
5887,5
5888,45000
5889,32
5890,38
5891,90
5892,30
5893,47.9
5894,3520
5895,9
5896,75
5897,0.9
5898,2016
5899,4
5900,12
5901,0.75
5902,450
5903,3
5904,340
5905,200.5
5906,48
5907,3
5908,84
5909,5
5910,7
5911,85
5912,24
5913,42
5914,20
5915,32
5916,3
5917,4
5918,30
5919,80
5920,24
5921,8
5922,8
5923,18
5924,43
5925,42
5926,50
5927,3
5928,520
5929,345
5930,4
5931,495
5932,3
5933,72
5934,42
5935,50
5936,32
5937,8
5938,9
5939,35
5940,12
5941,20
5942,10
5943,20
5944,20
5945,20
5946,20
5947,18
5948,42
5949,56
5950,9
5951,3
5952,22
5953,11
5954,9
5955,35
5956,27
5957,32
5958,54
5959,44
5960,20
5961,40
5962,36
5963,36
5964,25
5965,24
5966,12
5967,83
5968,26
5969,3
5970,54
5971,43
5972,4
5973,8
5974,4
5975,6
5976,84
5977,24
5978,2.5
5979,36
5980,24
5981,38
5982,30
5983,4
5984,22
5985,48
5986,30
5987,24
5988,30
5989,27
5990,27
5991,4
5992,45
5993,4
5994,35
5995,40
5996,6
5997,4
5998,4
5999,45
6000,4.8
6001,15
6002,2
6003,3
6004,2
6005,79
6006,27
6007,5
6008,37
6009,91
6010,25
6011,4
6012,20
6013,10
6014,34
6015,32
6016,27
6017,8
6018,4
6019,20
6020,30
6021,50
6022,20
6023,3
6024,30
6025,9
6026,40
6027,23
6028,29
6029,84
6030,35
6031,35
6032,73
6033,75
6034,40
6035,25
6036,45
6037,25
6038,81
6039,3
6040,95
6041,33
6042,200
6043,15
6044,32
6045,57
6046,34
6047,20
6048,100
6049,4
6050,30
6051,30
6052,45
6053,45
6054,88
6055,78
6056,33
6057,3
6058,44
6059,8
6060,45
6061,81
6062,20
6063,294
6064,0
6065,18
6066,10
6067,27
6068,7
6069,42
6070,17
6071,7
6072,24
6073,72
6074,24
6075,72
6076,16
6077,40
6078,20
6079,45
6080,2
6081,3
6082,20
6083,53
6084,36
6085,240
6086,36
6087,49
6088,30
6089,5
6090,40
6091,15
6092,122
6093,40
6094,44
6095,30
6096,20
6097,35
6098,34
6099,25
6100,8
6101,8
6102,14
6103,40
6104,16
6105,72
6106,24
6107,9
6108,2
6109,3
6110,38
6111,3
6112,20
6113,20
6114,3
6115,21
6116,27
6117,30
6118,7
6119,40
6120,4
6121,43
6122,24
6123,72
6124,24
6125,32
6126,20
6127,32
6128,23
6129,8
6130,6
6131,8
6132,32
6133,20
6134,18
6135,10
6136,27
6137,9
6138,15
6139,40
6140,27
6141,90
6142,98
6143,34
6144,27
6145,20
6146,23
6147,30
6148,384
6149,2
6150,2.4
6151,80
6152,78
6153,44
6154,32
6155,27
6156,5400
6157,139
6158,285
6159,252
6160,4
6161,18
6162,200
6163,7
6164,2
6165,2
6166,3
6167,4890
6168,500
6169,7440
6170,2458
6171,30
6172,36
6173,1620
6174,40
6175,360
6176,250
6177,2400
6178,4.8
6179,9
6180,425
6181,3
6182,385.2
6183,388
6184,300
6185,4000
6186,89
6187,4650
6188,280
6189,407
6190,273
6191,85
6192,75
6193,375
6194,225
6195,4760
6196,240
6197,2800
6198,3456
6199,24
6200,40
6201,48
6202,524
6203,36
6204,9
6205,12
6206,25
6207,140
6208,25
6209,58
6210,3
6211,15
6212,358
6213,37
6214,35
6215,3600
6216,900
6217,20
6218,20
6219,3
6220,247
6221,137
6222,139
6223,150
6224,28
6225,31
6226,400
6227,4
6228,36
6229,24
6230,945
6231,219
6232,3
6233,220
6234,14
6235,2200
6236,56
6237,48
6238,290
6239,3
6240,2
6241,50
6242,850
6243,4
6244,4
6245,1145
6246,280
6247,46
6248,205
6249,150
6250,5
6251,20
6252,280
6253,2
6254,384
6255,7
6256,34
6257,40
6258,4
6259,2
6260,2
6261,45
6262,20
6263,347
6264,23
6265,30
6266,35
6267,4
6268,24.5
6269,324
6270,4000
6271,880
6272,500
6273,77
6274,30.7
6275,3200
6276,-2
6277,85
6278,200
6279,3
6280,3
6281,490
6282,744
6283,30
6284,35.2
6285,2
6286,0.89
6287,25
6288,24
6289,24
6290,40
6291,230
6292,2.32
6293,150
6294,71.6
6295,450
6296,240
6297,175
6298,112.78
6299,50.1
6300,52.6
6301,288
6302,2
6303,30
6304,192
6305,200
6306,2890
6307,2
6308,20
6309,86
6310,241
6311,20
6312,20
6313,23
6314,150
6315,45
6316,30
6317,30
6318,33000
6319,400
6320,2.5
6321,960
6322,540
6323,308
6324,29
6325,30
6326,1
6327,64660
6328,400
6329,2000
6330,340
6331,3
6332,125
6333,32400
6334,24000
6335,568
6336,250
6337,900
6338,24
6339,25
6340,32
6341,48
6342,450
6343,200
6344,23160
6345,2.4
6346,180
6347,24
6348,32
6349,4
6350,20
6351,3
6352,370
6353,7.5
6354,800
6355,3
6356,9
6357,1200
6358,80
6359,750
6360,7.5
6361,4
6362,29080
6363,45
6364,24
6365,60
6366,3
6367,2
6368,280
6369,1
6370,30
6371,42
6372,34.1
6373,3/5
6374,-76
6375,1312
6376,27
6377,312
6378,3.78
6379,2.0
6380,4
6381,4
6382,900
6383,3400
6384,24
6385,30
6386,624
6387,300
6388,43.5
6389,4.8
6390,60
6391,1
6392,24
6393,34
6394,100
6395,36
6396,3840
6397,5.2
6398,2.4
6399,51
6400,340
6401,0.125
6402,30
6403,9
6404,200
6405,240
6406,450
6407,805
6408,440
6409,250
6410,3850
6411,8.33
6412,25
6413,420
6414,25
6415,24.09
6416,140.1
6417,43.4
6418,936
6419,48
6420,540
6421,360
6422,2
6423,45
6424,2
6425,12
6426,250
6427,1
6428,3360
6429,24
6430,81
6431,3
6432,34
6433,8640
6434,23
6435,36
6436,54
6437,360
6438,1134
6439,4
6440,1200
6441,5000
6442,8
6443,2
6444,40
6445,256.1
6446,0.82
6447,120.6
6448,36
6449,40
6450,309.44
6451,40
6452,48
6453,25.0
6454,39.5
6455,150
6456,360
6457,3.1
6458,2
6459,540
6460,3.04
6461,3
6462,300
6463,340
6464,300
6465,2400
6466,40
6467,4
6468,8
6469,27
6470,30
6471,30
6472,20
6473,4
6474,2
6475,3
6476,20
6477,8
6478,20
6479,6
6480,24
6481,27
6482,48
6483,10360
6484,5
6485,4
6486,9
6487,7
6488,240
6489,216
6490,28
6491,280
6492,24
6493,21
6494,4
6495,31.4
6496,28
6497,3.14
6498,29.7
6499,27.3
6500,24
6501,20
6502,3
6503,4
6504,24
6505,600
6506,498
6507,300
6508,30
6509,8
6510,25
6511,70
6512,64
6513,200
6514,372
6515,5
6516,344
6517,254
6518,3.65
6519,3050
6520,17
6521,32
6522,300
6523,1.33
6524,2
6525,8
6526,300
6527,30.75
6528,500
6529,90
6530,525
6531,390.5
6532,24
6533,1.5
6534,9000
6535,195
6536,40
6537,3
6538,270
6539,78
6540,225
6541,40
6542,43.2
6543,122
6544,25.7143
6545,270000
6546,20
6547,25
6548,147
6549,125
6550,150
6551,3168
6552,24
6553,31
6554,24
6555,584
6556,48
6557,27000
6558,84
6559,186
6560,160
6561,7800
6562,5.28
6563,16
6564,616
6565,35
6566,24
6567,82
6568,225
6569,400
6570,750
6571,45
6572,24000
6573,3600
6574,12.5
6575,2654
6576,2700
6577,24.3
6578,490
6579,8
6580,32
6581,1080
6582,85
6583,168
6584,4.16
6585,4
6586,576
6587,80
6588,74.45
6589,26
6590,12
6591,1330
6592,400
6593,15
6594,900
6595,22
6596,80
6597,7.05
6598,102
6599,26
6600,300.4
6601,2250
6602,40
6603,328
6604,2
6605,230
6606,18750
6607,360
6608,30.5
6609,18
6610,24
6611,2508
6612,6
6613,24
6614,2304
6615,45
6616,416
6617,275
6618,295
6619,278
6620,4
6621,3
6622,3
6623,768
6624,24
6625,6
6626,4368
6627,3501
6628,600
6629,30
6630,2
6631,2.4
6632,24
6633,47.5
6634,300
6635,2.08
6636,45
6637,40.0
6638,24
6639,278400
6640,200
6641,π
6642,35
6643,30
6644,184
6645,8
6646,8100
6647,59640
6648,38
6649,3
6650,540
6651,400
6652,20
6653,900
6654,20
6655,70.10
6656,24
6657,4
6658,250
6659,540
6660,30
6661,264
6662,16
6663,40
6664,802
6665,24
6666,39
6667,616
6668,509
6669,69
6670,1050
6671,156
6672,90
6673,1
6674,146
6675,204
6676,20
6677,3
6678,15
6679,300
6680,30
6681,3300
6682,472
6683,322
6684,6040
6685,5
6686,525
6687,843
6688,29
6689,240
6690,45
6691,52
6692,20
6693,560
6694,240
6695,56
6696,22
6697,2850
6698,16
6699,0.3
6700,70
6701,24
6702,2100
6703,20
6704,3210
6705,30.0
6706,36
6707,1
6708,1.8
6709,280
6710,24
6711,8
6712,94
6713,2
6714,9
6715,3
6716,36
6717,17
6718,18
6719,23
6720,85
6721,3256
6722,225
6723,20
6724,2508
6725,3600
6726,40
6727,2
6728,30
6729,8
6730,29
6731,30
6732,8
6733,20
6734,29
6735,24
6736,42
6737,254
6738,20
6739,136
6740,8
6741,35
6742,3
6743,20
6744,12
6745,7
6746,2
6747,3
6748,20
6749,22
6750,3
6751,2
6752,29
6753,35
6754,46
6755,90
6756,37
6757,8
6758,25
6759,27
6760,35
6761,45
6762,26
6763,20
6764,4
6765,38
6766,4
6767,80
6768,26
6769,24
6770,26
6771,46
6772,24
6773,50
6774,30
6775,2
6776,9
6777,27
6778,0.8
6779,27
6780,3
6781,35
6782,75
6783,43
6784,5
6785,9
6786,0.4
6787,40
6788,8
6789,58
6790,270
6791,7
6792,58
6793,89
6794,34
6795,50
6796,29
6797,42
6798,55
6799,51
6800,25
6801,43
6802,280
6803,22
6804,44
6805,66
6806,40
6807,70
6808,8
6809,27
6810,57
6811,34
6812,80
6813,70
6814,96
6815,42
6816,4
6817,25
6818,37
6819,91
6820,37
6821,11
6822,51
6823,23
6824,2
6825,25
6826,30
6827,80
6828,4
6829,48
6830,37
6831,90
6832,57
6833,32
6834,100
6835,40
6836,34
6837,20
6838,30
6839,5
6840,2
6841,35
6842,8
6843,2
6844,15
6845,4
6846,3
6847,20
6848,2
6849,18
6850,24
6851,23
6852,4
6853,30
6854,30000
6855,20
6856,3
6857,18
6858,35.92
6859,89
6860,1360
6861,50
6862,30.0
6863,135
6864,80
6865,4
6866,20
6867,30%
6868,89600
6869,2200
6870,24
6871,152
6872,4410
6873,1500
6874,4000
6875,144
6876,9
6877,26
6878,310
6879,32
6880,80
6881,3200
6882,18
6883,3/4
6884,240
6885,200
6886,340
6887,198
6888,24
6889,2.5
6890,45
6891,12
6892,14
6893,900
6894,4.8
6895,200
6896,256
6897,84
6898,3000
6899,2400
6900,36
6901,2.0
6902,376
6903,9
6904,2
6905,90
6906,18
6907,280
6908,70
6909,1500
6910,47
6911,300
6912,54
6913,95%
6914,92%
6915,2
6916,39.44
6917,2400
6918,2.7
6919,38.84
6920,304
6921,360
6922,400.0
6923,27
6924,304
6925,24
6926,23
6927,4000
6928,304
6929,3456
6930,3840
6931,2.4
6932,300
6933,0.31
6934,0.9
6935,8
6936,27
6937,80
6938,13
6939,4
6940,30%
6941,350
6942,5
6943,90%
6944,74.25
6945,20
6946,30.0
6947,1
6948,10
6949,45
6950,40
6951,314
6952,308
6953,24
6954,20.5
6955,27
6956,24
6957,4.8
6958,4
6959,259.78
6960,450
6961,304
6962,2400
6963,480
6964,3
6965,32
6966,30
6967,204.8
6968,4
6969,48
6970,30
6971,24
6972,30
6973,5
6974,144
6975,150
6976,12
6977,20
6978,96
6979,200
6980,20
6981,20%
6982,300
6983,3000
6984,3
6985,30.0
6986,395
6987,35
6988,40
6989,25
6990,3600
6991,3200
6992,48
6993,30
6994,270
6995,3
6996,3800
6997,3.6
6998,30000000
6999,38
7000,2
7001,2.90
7002,3
7003,20
7004,4096
7005,30
7006,240
7007,200
7008,30%
7009,12
7010,5
7011,28.24
7012,200
7013,240
7014,44
7015,34400
7016,5
7017,3
7018,39440
7019,3700
7020,50.0
7021,207.92
7022,40.0
7023,72
7024,3
7025,200
7026,360
7027,2.534
7028,30%
7029,3200
7030,45
7031,30
7032,19.2
7033,150
7034,30%
7035,30
7036,3
7037,5.8%
7038,259.2
7039,594
7040,2.4
7041,780
7042,340
7043,390
7044,30
7045,9
7046,2
7047,40
7048,30
7049,20%
7050,159.83
7051,2912
7052,3
7053,9.6
7054,28
7055,240
7056,2
7057,4.5
7058,0
7059,280
7060,90%
7061,24
7062,4.3
7063,4.344
7064,30.0
7065,3.7
7066,2800
7067,2.8
7068,12
7069,20
7070,24.52
7071,4
7072,400
7073,30
7074,80%
7075,18
7076,11
7077,50
7078,4900
7079,1.5
7080,3.2
7081,2/5
7082,250
7083,85
7084,24
7085,6
7086,220
7087,0.8
7088,8
7089,35
7090,36
7091,300
7092,2
7093,432
7094,24.0
7095,240
7096,24
7097,30
7098,28.24
7099,3.78
7100,40
7101,3200
7102,3420
7103,4
7104,9
7105,45
7106,2π
7107,4000
7108,20
7109,75
7110,10%
7111,58
7112,31.4
7113,4
7114,20.43
7115,3
7116,2304
7117,2
7118,3140
7119,407
7120,5
7121,2594.2
7122,7
7123,48
7124,32
7125,9
7126,850
7127,20
7128,192
7129,200
7130,3.14
7131,4
7132,30.0
7133,40
7134,250
7135,24.0
7136,+4
7137,20
7138,40
7139,24
7140,3.02
7141,3.0432
7142,240
7143,20%
7144,8.5
7145,2
7146,90%
7147,30%
7148,2
7149,25
7150,25
7151,15
7152,300
7153,4
7154,36
7155,2000
7156,231000000
7157,39
7158,25.9
7159,2.4
7160,3
7161,375
7162,22
7163,13.7
7164,768
7165,2.25
7166,250
7167,256
7168,187.5
7169,20
7170,12
7171,2
7172,256
7173,30%
7174,20%
7175,289200
7176,225
7177,1000
7178,245
7179,50.4
7180,37.68
7181,500
7182,760
7183,333
7184,2.25
7185,580
7186,4
7187,544
7188,34
7189,107
7190,347
7191,24
7192,225
7193,80000
7194,5600
7195,0.9
7196,3600
7197,12
7198,37
7199,36
7200,24
7201,2
7202,5400
7203,270
7204,2
7205,280
7206,250
7207,5
7208,60
7209,584
7210,254
7211,0.9
7212,30
7213,12
7214,40
7215,204.92
7216,380
7217,30.77
7218,25.12
7219,3082
7220,5
7221,2000
7222,165
7223,10%
7224,300
7225,200
7226,4.8
7227,30
7228,48
7229,200
7230,20%
7231,456
7232,1
7233,10
7234,7
7235,135
7236,24.04
7237,20
7238,200
7239,2
7240,3
7241,100
7242,48
7243,300
7244,3
7245,600
7246,30
7247,2.4
7248,168
7249,2400
7250,2700
7251,4
7252,72
7253,163.2
7254,0.0025
7255,704.0
7256,47900
7257,530
7258,2540
7259,190
7260,9
7261,75
7262,24000.0
7263,3
7264,208
7265,25
7266,33
7267,3520
7268,2.5
7269,3400
7270,3.14
7271,78.54
7272,8
7273,240
7274,25
7275,180
7276,400
7277,200
7278,2400
7279,40000000
7280,40
7281,230
7282,240
7283,20%
7284,3
7285,30
7286,5.4
7287,4
7288,3.5
7289,400
7290,9
7291,4500
7292,30
7293,89
7294,2400
7295,24.5
7296,480
7297,300
7298,272
7299,48.4
7300,90
7301,3/4
7302,24
7303,180
7304,9700
7305,20
7306,108
7307,300
7308,300
7309,3.5
7310,0.7
7311,30000
7312,2800000
7313,240
7314,207.85
7315,2
7316,20
7317,3.14
7318,348
7319,376.8
7320,2
7321,20
7322,230
7323,800
7324,350.0
7325,3
7326,3000
7327,2
7328,10
7329,16
7330,8
7331,240
7332,5.417
7333,400
7334,3000
7335,30
7336,37800
7337,3.84
7338,3
7339,3852
7340,4.59
7341,50
7342,25
7343,2
7344,240
7345,45
7346,48.75
7347,475
7348,314.14
7349,240
7350,24
7351,44
7352,80
7353,750
7354,800
7355,840
7356,20.93
7357,97.2
7358,2.4
7359,290
7360,20
7361,1940
7362,570
7363,3
7364,80
7365,308
7366,26
7367,5000
7368,60
7369,75
7370,15
7371,0.8
7372,480
7373,48.0
7374,50
7375,2.5
7376,4/5
7377,51.344
7378,50
7379,809.6
7380,50
7381,320
7382,3040
7383,9
7384,45
7385,349.8
7386,254.32
7387,40
7388,2.5
7389,15
7390,16
7391,2.5
7392,80
7393,3140.52
7394,200
7395,2200
7396,2350
7397,80
7398,8
7399,48
7400,36
7401,30.0
7402,3.25
7403,32
7404,2
7405,3600
7406,3.25
7407,5
7408,4.32
7409,300
7410,134
7411,12
7412,200
7413,50
7414,55
7415,3
7416,3.04
7417,92
7418,19
7419,2
7420,34
7421,20.5
7422,39
7423,18
7424,48
7425,25
7426,27
7427,5
7428,3200
7429,2400
7430,20%
7431,320
7432,45
7433,6
7434,30
7435,2400
7436,816
7437,18
7438,17
7439,2.25
7440,48
7441,3
7442,420
7443,0.72
7444,30
7445,0.8
7446,3
7447,180
7448,7200
7449,8000
7450,20
7451,24
7452,34
7453,80
7454,86.67
7455,24
7456,20%
7457,30
7458,3.59
7459,3
7460,528
7461,360
7462,48
7463,305
7464,8.7
7465,125
7466,20
7467,24000
7468,125
7469,20
7470,314
7471,3.14
7472,20
7473,0.45
7474,180
7475,9
7476,2800
7477,3
7478,55
7479,3.2
7480,8
7481,47
7482,230
7483,400
7484,3400
7485,36
7486,408
7487,27
7488,4
7489,3200
7490,30
7491,868
7492,24
7493,55
7494,180
7495,24
7496,4.8
7497,2450
7498,3.3%
7499,45
7500,480.99
7501,2
7502,3.4
7503,2400
7504,2700
7505,74
7506,8
7507,5400
7508,20.0
7509,25.0
7510,2.5
7511,3960
7512,2550
7513,30
7514,32
7515,35%
7516,16.5
7517,2300
7518,5
7519,2
7520,745
7521,2
7522,300
7523,8
7524,7408
7525,288
7526,5400
7527,3150000
7528,3
7529,8
7530,300
7531,5
7532,4
7533,240
7534,2480
7535,379.2
7536,28
7537,34.4%
7538,4
7539,35
7540,78
7541,14.5
7542,612
7543,30
7544,2.5
7545,3.14
7546,28
7547,30.73
7548,405
7549,2500
7550,30
7551,2512
7552,25
7553,270
7554,28
7555,450
7556,8
7557,18000000
7558,36
7559,9
7560,30.0
7561,4
7562,360
7563,24.5
7564,200
7565,432
7566,89
7567,50
7568,2340
7569,2400
7570,150
7571,3
7572,15.72
7573,32
7574,30000
7575,4
7576,48
7577,34.128
7578,40.85
7579,3/5
7580,200
7581,12
7582,29.4
7583,27
7584,1500
7585,1.5
7586,30
7587,20
7588,20
7589,52
7590,25
7591,20
7592,20
7593,2
7594,2
7595,3040
7596,28
7597,20
7598,90
7599,25
7600,720
7601,1.2
7602,2304
7603,48
7604,30
7605,304
7606,80
7607,2000
7608,32
7609,23
7610,225
7611,2.8
7612,28
7613,30
7614,2.536
7615,3.768
7616,1
7617,4
7618,27
7619,30
7620,24
7621,4
7622,20
7623,2
7624,1
7625,12
7626,2560
7627,87.5
7628,8.95
7629,0.8
7630,0.84
7631,0.8
7632,2700
7633,2000
7634,180
7635,85%
7636,640
7637,4.25
7638,300
7639,72
7640,23.44
7641,60
7642,25/32
7643,30
7644,20
7645,6
7646,73/100
7647,9
7648,1/6
7649,3/7
7650,2800
7651,45
7652,0.003
7653,3.4
7654,9
7655,2400
7656,39
7657,256
7658,12
7659,6.76
7660,3840
7661,32.8
7662,35
7663,3/4
7664,2
7665,2/5
7666,5/8
7667,8400
7668,23
7669,38
7670,25
7671,20
7672,8
7673,20
7674,3
7675,325
7676,64
7677,704
7678,2
7679,80/50
7680,24.5
7681,32
7682,6000
7683,12
7684,450
7685,20
7686,400
7687,87
7688,4/7
7689,30
7690,18
7691,24
7692,46
7693,20
7694,3
7695,5340
7696,2
7697,3
7698,4
7699,24
7700,15
7701,53.4
7702,235
7703,9.5
7704,13.35
7705,34.5
7706,29
7707,20
7708,28
7709,12
7710,360
7711,7/45
7712,3
7713,23/24
7714,3
7715,24
7716,240
7717,70.94
7718,20%
7719,32
7720,25
7721,39.84
7722,14
7723,50
7724,18
7725,30
7726,3
7727,24.9
7728,6
7729,6
7730,3
7731,9024
7732,23.5
7733,2
7734,240
7735,315
7736,40.5
7737,22
7738,30
7739,1/3
7740,+2
7741,360
7742,36
7743,85
7744,800
7745,800
7746,340
7747,30
7748,204
7749,282
7750,3
7751,340
7752,2.1142857143
7753,2850
7754,3
7755,3.08
7756,30
7757,24
7758,240
7759,4
7760,3
7761,14.2
7762,200
7763,24
7764,8
7765,2.4
7766,3
7767,17600
7768,3.4
7769,56
7770,115
7771,3215
7772,300000
7773,3
7774,48
7775,258
7776,364
7777,24
7778,2.5
7779,225
7780,2
7781,450
7782,4
7783,22
7784,820
7785,11
7786,19
7787,360
7788,3600
7789,30000
7790,246.5
7791,40
7792,250
7793,3/7
7794,25
7795,30
7796,40
7797,20
7798,2700
7799,900
7800,225
7801,200
7802,3000
7803,1/4
7804,30
7805,27
7806,2
7807,111
7808,582
7809,27.5
7810,3.2
7811,96
7812,0.5
7813,30
7814,3
7815,30
7816,3/4
7817,14
7818,20
7819,2850
7820,5
7821,3/10
7822,2240
7823,228
7824,2.4
7825,30
7826,40%
7827,1/5
7828,5040
7829,45
7830,36
7831,15
7832,24
7833,3
7834,2.7
7835,22
7836,25/24
7837,20
7838,16800
7839,18
7840,80
7841,4/7
7842,2
7843,9/5
7844,245
7845,2
7846,3
7847,225
7848,25
7849,1320
7850,2
7851,35%
7852,470
7853,7
7854,8
7855,3/4
7856,4
7857,2
7858,48
7859,6
7860,47
7861,15
7862,324.0
7863,4
7864,11.3
7865,8
7866,840
7867,19
7868,2.5
7869,2
7870,90
7871,3/4
7872,3
7873,18
7874,28
7875,三分之二
7876,1/10
7877,7
7878,80
7879,4
7880,3/8
7881,150
7882,37.5
7883,210/350
7884,3/4
7885,32%
7886,96
7887,30%
7888,54
7889,300
7890,8
7891,2
7892,24.0
7893,3000
7894,215
7895,208
7896,253724
7897,5
7898,80
7899,8
7900,40
7901,4
7902,3
7903,20
7904,4.42
7905,3
7906,632
7907,5
7908,3
7909,2/7
7910,4
7911,20
7912,3.8
7913,0
7914,525
7915,30/16
7916,23
7917,384
7918,3/4
7919,6
7920,3/20
7921,2560
7922,2
7923,3
7924,2
7925,216
7926,90
7927,0.3
7928,2
7929,360
7930,20
7931,45
7932,3/4
7933,30
7934,29
7935,5/8
7936,2/5
7937,10/25
7938,1024
7939,9
7940,7
7941,3
7942,20%
7943,8
7944,500
7945,34
7946,4.5
7947,3
7948,2
7949,80
7950,240
7951,240
7952,48
7953,4.5
7954,643
7955,86
7956,8.7
7957,704
7958,2
7959,240
7960,3/4
7961,2.25
7962,20
7963,200
7964,2000
7965,27
7966,10
7967,30
7968,570
7969,47
7970,270
7971,4
7972,402.4
7973,20
7974,12
7975,280
7976,27
7977,80
7978,20
7979,4
7980,20
7981,280
7982,20
7983,3800
7984,0
7985,250
7986,30
7987,5
7988,360
7989,36000
7990,168
7991,320
7992,4
7993,1200
7994,403
7995,3
7996,30
7997,7840
7998,40/56
7999,45
